ISO-10303-21;
HEADER;
/* Generated by software containing ST-Developer
 * from STEP Tools, Inc. (www.steptools.com) 
 */

FILE_DESCRIPTION(
/* description */ ('KiCad electronic assembly'),
/* implementation_level */ '2;1');

FILE_NAME(
/* name */ 'case step.step',
/* time_stamp */ '2026-08-21T11:38:43+02:00',
/* author */ (''),
/* organization */ (''),
/* preprocessor_version */ 'ST-DEVELOPER v20.1',
/* originating_system */ 'Autodesk Translation Framework v15.8.0.0',
/* authorisation */ '');

FILE_SCHEMA (('AUTOMOTIVE_DESIGN { 1 0 10303 214 3 1 1 }'));
ENDSEC;

DATA;
#10=MECHANICAL_DESIGN_GEOMETRIC_PRESENTATION_REPRESENTATION('',(#13),#2717);
#11=SHAPE_REPRESENTATION_RELATIONSHIP('SRR','None',#2723,#12);
#12=ADVANCED_BREP_SHAPE_REPRESENTATION('',(#14),#2716);
#13=STYLED_ITEM('',(#2732),#14);
#14=MANIFOLD_SOLID_BREP('case',#1703);
#15=CIRCLE('',#1739,1.99999999999999);
#16=CIRCLE('',#1740,1.99999999999999);
#17=CIRCLE('',#1743,1.99999999999999);
#18=CIRCLE('',#1744,1.99999999999999);
#19=CIRCLE('',#1746,1.34999999999998);
#20=CIRCLE('',#1747,1.34999999999998);
#21=CIRCLE('',#1748,1.34999999999998);
#22=CIRCLE('',#1749,1.34999999999998);
#23=CIRCLE('',#1759,1.34999999999998);
#24=CIRCLE('',#1764,1.34999999999998);
#25=CIRCLE('',#1765,1.34999999999998);
#26=CIRCLE('',#1766,1.34999999999998);
#27=CIRCLE('',#1767,1.34999999999998);
#28=CIRCLE('',#1777,1.34999999999998);
#29=CYLINDRICAL_SURFACE('',#1738,1.99999999999999);
#30=CYLINDRICAL_SURFACE('',#1742,1.99999999999999);
#31=CYLINDRICAL_SURFACE('',#1790,1.34999999999998);
#32=CYLINDRICAL_SURFACE('',#1792,1.34999999999998);
#33=CYLINDRICAL_SURFACE('',#1794,1.34999999999998);
#34=CYLINDRICAL_SURFACE('',#1796,1.34999999999998);
#35=FACE_BOUND('',#146,.T.);
#36=FACE_BOUND('',#147,.T.);
#37=FACE_BOUND('',#148,.T.);
#38=FACE_BOUND('',#149,.T.);
#39=FACE_BOUND('',#150,.T.);
#40=FACE_BOUND('',#151,.T.);
#41=FACE_BOUND('',#152,.T.);
#42=FACE_BOUND('',#179,.T.);
#43=FACE_BOUND('',#180,.T.);
#44=FACE_BOUND('',#194,.T.);
#45=FACE_BOUND('',#227,.T.);
#46=FACE_OUTER_BOUND('',#135,.T.);
#47=FACE_OUTER_BOUND('',#136,.T.);
#48=FACE_OUTER_BOUND('',#137,.T.);
#49=FACE_OUTER_BOUND('',#138,.T.);
#50=FACE_OUTER_BOUND('',#139,.T.);
#51=FACE_OUTER_BOUND('',#140,.T.);
#52=FACE_OUTER_BOUND('',#141,.T.);
#53=FACE_OUTER_BOUND('',#142,.T.);
#54=FACE_OUTER_BOUND('',#143,.T.);
#55=FACE_OUTER_BOUND('',#144,.T.);
#56=FACE_OUTER_BOUND('',#145,.T.);
#57=FACE_OUTER_BOUND('',#153,.T.);
#58=FACE_OUTER_BOUND('',#154,.T.);
#59=FACE_OUTER_BOUND('',#155,.T.);
#60=FACE_OUTER_BOUND('',#156,.T.);
#61=FACE_OUTER_BOUND('',#157,.T.);
#62=FACE_OUTER_BOUND('',#158,.T.);
#63=FACE_OUTER_BOUND('',#159,.T.);
#64=FACE_OUTER_BOUND('',#160,.T.);
#65=FACE_OUTER_BOUND('',#161,.T.);
#66=FACE_OUTER_BOUND('',#162,.T.);
#67=FACE_OUTER_BOUND('',#163,.T.);
#68=FACE_OUTER_BOUND('',#164,.T.);
#69=FACE_OUTER_BOUND('',#165,.T.);
#70=FACE_OUTER_BOUND('',#166,.T.);
#71=FACE_OUTER_BOUND('',#167,.T.);
#72=FACE_OUTER_BOUND('',#168,.T.);
#73=FACE_OUTER_BOUND('',#169,.T.);
#74=FACE_OUTER_BOUND('',#170,.T.);
#75=FACE_OUTER_BOUND('',#171,.T.);
#76=FACE_OUTER_BOUND('',#172,.T.);
#77=FACE_OUTER_BOUND('',#173,.T.);
#78=FACE_OUTER_BOUND('',#174,.T.);
#79=FACE_OUTER_BOUND('',#175,.T.);
#80=FACE_OUTER_BOUND('',#176,.T.);
#81=FACE_OUTER_BOUND('',#177,.T.);
#82=FACE_OUTER_BOUND('',#178,.T.);
#83=FACE_OUTER_BOUND('',#181,.T.);
#84=FACE_OUTER_BOUND('',#182,.T.);
#85=FACE_OUTER_BOUND('',#183,.T.);
#86=FACE_OUTER_BOUND('',#184,.T.);
#87=FACE_OUTER_BOUND('',#185,.T.);
#88=FACE_OUTER_BOUND('',#186,.T.);
#89=FACE_OUTER_BOUND('',#187,.T.);
#90=FACE_OUTER_BOUND('',#188,.T.);
#91=FACE_OUTER_BOUND('',#189,.T.);
#92=FACE_OUTER_BOUND('',#190,.T.);
#93=FACE_OUTER_BOUND('',#191,.T.);
#94=FACE_OUTER_BOUND('',#192,.T.);
#95=FACE_OUTER_BOUND('',#193,.T.);
#96=FACE_OUTER_BOUND('',#195,.T.);
#97=FACE_OUTER_BOUND('',#196,.T.);
#98=FACE_OUTER_BOUND('',#197,.T.);
#99=FACE_OUTER_BOUND('',#198,.T.);
#100=FACE_OUTER_BOUND('',#199,.T.);
#101=FACE_OUTER_BOUND('',#200,.T.);
#102=FACE_OUTER_BOUND('',#201,.T.);
#103=FACE_OUTER_BOUND('',#202,.T.);
#104=FACE_OUTER_BOUND('',#203,.T.);
#105=FACE_OUTER_BOUND('',#204,.T.);
#106=FACE_OUTER_BOUND('',#205,.T.);
#107=FACE_OUTER_BOUND('',#206,.T.);
#108=FACE_OUTER_BOUND('',#207,.T.);
#109=FACE_OUTER_BOUND('',#208,.T.);
#110=FACE_OUTER_BOUND('',#209,.T.);
#111=FACE_OUTER_BOUND('',#210,.T.);
#112=FACE_OUTER_BOUND('',#211,.T.);
#113=FACE_OUTER_BOUND('',#212,.T.);
#114=FACE_OUTER_BOUND('',#213,.T.);
#115=FACE_OUTER_BOUND('',#214,.T.);
#116=FACE_OUTER_BOUND('',#215,.T.);
#117=FACE_OUTER_BOUND('',#216,.T.);
#118=FACE_OUTER_BOUND('',#217,.T.);
#119=FACE_OUTER_BOUND('',#218,.T.);
#120=FACE_OUTER_BOUND('',#219,.T.);
#121=FACE_OUTER_BOUND('',#220,.T.);
#122=FACE_OUTER_BOUND('',#221,.T.);
#123=FACE_OUTER_BOUND('',#222,.T.);
#124=FACE_OUTER_BOUND('',#223,.T.);
#125=FACE_OUTER_BOUND('',#224,.T.);
#126=FACE_OUTER_BOUND('',#225,.T.);
#127=FACE_OUTER_BOUND('',#226,.T.);
#128=FACE_OUTER_BOUND('',#228,.T.);
#129=FACE_OUTER_BOUND('',#229,.T.);
#130=FACE_OUTER_BOUND('',#230,.T.);
#131=FACE_OUTER_BOUND('',#231,.T.);
#132=FACE_OUTER_BOUND('',#232,.T.);
#133=FACE_OUTER_BOUND('',#233,.T.);
#134=FACE_OUTER_BOUND('',#234,.T.);
#135=EDGE_LOOP('',(#1063,#1064,#1065,#1066));
#136=EDGE_LOOP('',(#1067,#1068,#1069,#1070));
#137=EDGE_LOOP('',(#1071,#1072,#1073,#1074));
#138=EDGE_LOOP('',(#1075,#1076,#1077,#1078));
#139=EDGE_LOOP('',(#1079,#1080,#1081,#1082));
#140=EDGE_LOOP('',(#1083,#1084,#1085,#1086));
#141=EDGE_LOOP('',(#1087,#1088,#1089,#1090));
#142=EDGE_LOOP('',(#1091,#1092,#1093,#1094));
#143=EDGE_LOOP('',(#1095,#1096,#1097,#1098));
#144=EDGE_LOOP('',(#1099,#1100,#1101,#1102));
#145=EDGE_LOOP('',(#1103,#1104,#1105,#1106,#1107,#1108,#1109,#1110,#1111,
#1112,#1113,#1114,#1115,#1116,#1117,#1118,#1119,#1120,#1121,#1122,#1123,
#1124,#1125,#1126));
#146=EDGE_LOOP('',(#1127,#1128,#1129,#1130));
#147=EDGE_LOOP('',(#1131,#1132,#1133,#1134));
#148=EDGE_LOOP('',(#1135,#1136,#1137,#1138));
#149=EDGE_LOOP('',(#1139,#1140,#1141,#1142));
#150=EDGE_LOOP('',(#1143,#1144,#1145,#1146));
#151=EDGE_LOOP('',(#1147,#1148,#1149,#1150));
#152=EDGE_LOOP('',(#1151,#1152,#1153,#1154));
#153=EDGE_LOOP('',(#1155,#1156,#1157,#1158));
#154=EDGE_LOOP('',(#1159,#1160,#1161,#1162));
#155=EDGE_LOOP('',(#1163,#1164,#1165,#1166));
#156=EDGE_LOOP('',(#1167,#1168,#1169,#1170));
#157=EDGE_LOOP('',(#1171,#1172,#1173,#1174));
#158=EDGE_LOOP('',(#1175,#1176,#1177,#1178));
#159=EDGE_LOOP('',(#1179,#1180,#1181,#1182));
#160=EDGE_LOOP('',(#1183,#1184,#1185,#1186));
#161=EDGE_LOOP('',(#1187,#1188,#1189,#1190));
#162=EDGE_LOOP('',(#1191,#1192,#1193,#1194));
#163=EDGE_LOOP('',(#1195,#1196,#1197,#1198));
#164=EDGE_LOOP('',(#1199,#1200,#1201,#1202));
#165=EDGE_LOOP('',(#1203,#1204,#1205,#1206));
#166=EDGE_LOOP('',(#1207,#1208,#1209,#1210));
#167=EDGE_LOOP('',(#1211,#1212,#1213,#1214));
#168=EDGE_LOOP('',(#1215,#1216,#1217,#1218));
#169=EDGE_LOOP('',(#1219,#1220,#1221,#1222));
#170=EDGE_LOOP('',(#1223,#1224,#1225,#1226));
#171=EDGE_LOOP('',(#1227,#1228,#1229,#1230));
#172=EDGE_LOOP('',(#1231,#1232,#1233,#1234));
#173=EDGE_LOOP('',(#1235,#1236,#1237,#1238));
#174=EDGE_LOOP('',(#1239,#1240,#1241,#1242));
#175=EDGE_LOOP('',(#1243,#1244,#1245,#1246));
#176=EDGE_LOOP('',(#1247,#1248,#1249,#1250));
#177=EDGE_LOOP('',(#1251,#1252,#1253,#1254));
#178=EDGE_LOOP('',(#1255,#1256,#1257,#1258));
#179=EDGE_LOOP('',(#1259,#1260,#1261,#1262));
#180=EDGE_LOOP('',(#1263,#1264,#1265,#1266,#1267,#1268,#1269,#1270));
#181=EDGE_LOOP('',(#1271,#1272,#1273,#1274));
#182=EDGE_LOOP('',(#1275,#1276,#1277,#1278));
#183=EDGE_LOOP('',(#1279,#1280,#1281,#1282));
#184=EDGE_LOOP('',(#1283,#1284,#1285,#1286));
#185=EDGE_LOOP('',(#1287,#1288,#1289,#1290));
#186=EDGE_LOOP('',(#1291,#1292,#1293,#1294));
#187=EDGE_LOOP('',(#1295,#1296,#1297,#1298));
#188=EDGE_LOOP('',(#1299,#1300,#1301,#1302,#1303,#1304,#1305));
#189=EDGE_LOOP('',(#1306,#1307,#1308,#1309));
#190=EDGE_LOOP('',(#1310,#1311,#1312,#1313,#1314,#1315));
#191=EDGE_LOOP('',(#1316,#1317,#1318,#1319));
#192=EDGE_LOOP('',(#1320,#1321,#1322,#1323,#1324));
#193=EDGE_LOOP('',(#1325,#1326,#1327,#1328,#1329,#1330,#1331,#1332,#1333,
#1334,#1335,#1336,#1337,#1338,#1339,#1340,#1341,#1342,#1343,#1344,#1345,
#1346,#1347,#1348));
#194=EDGE_LOOP('',(#1349,#1350,#1351,#1352));
#195=EDGE_LOOP('',(#1353,#1354,#1355,#1356));
#196=EDGE_LOOP('',(#1357,#1358,#1359,#1360));
#197=EDGE_LOOP('',(#1361,#1362,#1363,#1364,#1365,#1366,#1367));
#198=EDGE_LOOP('',(#1368,#1369,#1370,#1371,#1372,#1373,#1374));
#199=EDGE_LOOP('',(#1375,#1376,#1377,#1378));
#200=EDGE_LOOP('',(#1379,#1380,#1381,#1382));
#201=EDGE_LOOP('',(#1383,#1384,#1385,#1386));
#202=EDGE_LOOP('',(#1387,#1388,#1389,#1390,#1391,#1392));
#203=EDGE_LOOP('',(#1393,#1394,#1395,#1396));
#204=EDGE_LOOP('',(#1397,#1398,#1399,#1400,#1401,#1402,#1403));
#205=EDGE_LOOP('',(#1404,#1405,#1406,#1407));
#206=EDGE_LOOP('',(#1408,#1409,#1410,#1411,#1412));
#207=EDGE_LOOP('',(#1413,#1414,#1415,#1416));
#208=EDGE_LOOP('',(#1417,#1418,#1419,#1420));
#209=EDGE_LOOP('',(#1421,#1422,#1423,#1424));
#210=EDGE_LOOP('',(#1425,#1426,#1427,#1428));
#211=EDGE_LOOP('',(#1429,#1430,#1431,#1432));
#212=EDGE_LOOP('',(#1433,#1434,#1435,#1436));
#213=EDGE_LOOP('',(#1437,#1438,#1439,#1440));
#214=EDGE_LOOP('',(#1441,#1442,#1443,#1444));
#215=EDGE_LOOP('',(#1445,#1446,#1447,#1448));
#216=EDGE_LOOP('',(#1449,#1450,#1451,#1452,#1453));
#217=EDGE_LOOP('',(#1454,#1455,#1456,#1457,#1458,#1459,#1460,#1461));
#218=EDGE_LOOP('',(#1462,#1463,#1464,#1465,#1466));
#219=EDGE_LOOP('',(#1467,#1468,#1469,#1470));
#220=EDGE_LOOP('',(#1471,#1472,#1473,#1474));
#221=EDGE_LOOP('',(#1475,#1476,#1477,#1478));
#222=EDGE_LOOP('',(#1479,#1480,#1481,#1482));
#223=EDGE_LOOP('',(#1483,#1484,#1485,#1486));
#224=EDGE_LOOP('',(#1487,#1488,#1489,#1490));
#225=EDGE_LOOP('',(#1491,#1492,#1493,#1494));
#226=EDGE_LOOP('',(#1495,#1496,#1497,#1498));
#227=EDGE_LOOP('',(#1499,#1500,#1501,#1502));
#228=EDGE_LOOP('',(#1503,#1504,#1505,#1506));
#229=EDGE_LOOP('',(#1507,#1508,#1509,#1510));
#230=EDGE_LOOP('',(#1511,#1512,#1513,#1514));
#231=EDGE_LOOP('',(#1515,#1516,#1517,#1518));
#232=EDGE_LOOP('',(#1519,#1520,#1521,#1522));
#233=EDGE_LOOP('',(#1523,#1524,#1525,#1526));
#234=EDGE_LOOP('',(#1527,#1528,#1529,#1530));
#235=LINE('',#2240,#455);
#236=LINE('',#2242,#456);
#237=LINE('',#2244,#457);
#238=LINE('',#2245,#458);
#239=LINE('',#2248,#459);
#240=LINE('',#2250,#460);
#241=LINE('',#2251,#461);
#242=LINE('',#2254,#462);
#243=LINE('',#2256,#463);
#244=LINE('',#2257,#464);
#245=LINE('',#2259,#465);
#246=LINE('',#2260,#466);
#247=LINE('',#2265,#467);
#248=LINE('',#2267,#468);
#249=LINE('',#2269,#469);
#250=LINE('',#2270,#470);
#251=LINE('',#2274,#471);
#252=LINE('',#2275,#472);
#253=LINE('',#2276,#473);
#254=LINE('',#2279,#474);
#255=LINE('',#2280,#475);
#256=LINE('',#2283,#476);
#257=LINE('',#2284,#477);
#258=LINE('',#2286,#478);
#259=LINE('',#2290,#479);
#260=LINE('',#2292,#480);
#261=LINE('',#2294,#481);
#262=LINE('',#2296,#482);
#263=LINE('',#2298,#483);
#264=LINE('',#2300,#484);
#265=LINE('',#2302,#485);
#266=LINE('',#2304,#486);
#267=LINE('',#2306,#487);
#268=LINE('',#2308,#488);
#269=LINE('',#2310,#489);
#270=LINE('',#2312,#490);
#271=LINE('',#2314,#491);
#272=LINE('',#2316,#492);
#273=LINE('',#2318,#493);
#274=LINE('',#2320,#494);
#275=LINE('',#2322,#495);
#276=LINE('',#2324,#496);
#277=LINE('',#2326,#497);
#278=LINE('',#2328,#498);
#279=LINE('',#2330,#499);
#280=LINE('',#2332,#500);
#281=LINE('',#2334,#501);
#282=LINE('',#2335,#502);
#283=LINE('',#2338,#503);
#284=LINE('',#2340,#504);
#285=LINE('',#2342,#505);
#286=LINE('',#2343,#506);
#287=LINE('',#2346,#507);
#288=LINE('',#2348,#508);
#289=LINE('',#2350,#509);
#290=LINE('',#2351,#510);
#291=LINE('',#2354,#511);
#292=LINE('',#2356,#512);
#293=LINE('',#2358,#513);
#294=LINE('',#2359,#514);
#295=LINE('',#2362,#515);
#296=LINE('',#2364,#516);
#297=LINE('',#2366,#517);
#298=LINE('',#2367,#518);
#299=LINE('',#2370,#519);
#300=LINE('',#2372,#520);
#301=LINE('',#2374,#521);
#302=LINE('',#2375,#522);
#303=LINE('',#2378,#523);
#304=LINE('',#2380,#524);
#305=LINE('',#2381,#525);
#306=LINE('',#2384,#526);
#307=LINE('',#2385,#527);
#308=LINE('',#2388,#528);
#309=LINE('',#2389,#529);
#310=LINE('',#2391,#530);
#311=LINE('',#2395,#531);
#312=LINE('',#2397,#532);
#313=LINE('',#2398,#533);
#314=LINE('',#2401,#534);
#315=LINE('',#2402,#535);
#316=LINE('',#2405,#536);
#317=LINE('',#2406,#537);
#318=LINE('',#2408,#538);
#319=LINE('',#2412,#539);
#320=LINE('',#2414,#540);
#321=LINE('',#2415,#541);
#322=LINE('',#2418,#542);
#323=LINE('',#2419,#543);
#324=LINE('',#2422,#544);
#325=LINE('',#2423,#545);
#326=LINE('',#2425,#546);
#327=LINE('',#2429,#547);
#328=LINE('',#2431,#548);
#329=LINE('',#2432,#549);
#330=LINE('',#2435,#550);
#331=LINE('',#2436,#551);
#332=LINE('',#2439,#552);
#333=LINE('',#2440,#553);
#334=LINE('',#2442,#554);
#335=LINE('',#2447,#555);
#336=LINE('',#2449,#556);
#337=LINE('',#2451,#557);
#338=LINE('',#2452,#558);
#339=LINE('',#2456,#559);
#340=LINE('',#2458,#560);
#341=LINE('',#2460,#561);
#342=LINE('',#2461,#562);
#343=LINE('',#2467,#563);
#344=LINE('',#2470,#564);
#345=LINE('',#2472,#565);
#346=LINE('',#2473,#566);
#347=LINE('',#2479,#567);
#348=LINE('',#2481,#568);
#349=LINE('',#2482,#569);
#350=LINE('',#2485,#570);
#351=LINE('',#2489,#571);
#352=LINE('',#2493,#572);
#353=LINE('',#2497,#573);
#354=LINE('',#2501,#574);
#355=LINE('',#2502,#575);
#356=LINE('',#2506,#576);
#357=LINE('',#2508,#577);
#358=LINE('',#2510,#578);
#359=LINE('',#2511,#579);
#360=LINE('',#2515,#580);
#361=LINE('',#2516,#581);
#362=LINE('',#2517,#582);
#363=LINE('',#2521,#583);
#364=LINE('',#2523,#584);
#365=LINE('',#2525,#585);
#366=LINE('',#2526,#586);
#367=LINE('',#2530,#587);
#368=LINE('',#2531,#588);
#369=LINE('',#2532,#589);
#370=LINE('',#2536,#590);
#371=LINE('',#2538,#591);
#372=LINE('',#2540,#592);
#373=LINE('',#2541,#593);
#374=LINE('',#2545,#594);
#375=LINE('',#2546,#595);
#376=LINE('',#2547,#596);
#377=LINE('',#2549,#597);
#378=LINE('',#2551,#598);
#379=LINE('',#2553,#599);
#380=LINE('',#2554,#600);
#381=LINE('',#2557,#601);
#382=LINE('',#2559,#602);
#383=LINE('',#2563,#603);
#384=LINE('',#2564,#604);
#385=LINE('',#2565,#605);
#386=LINE('',#2568,#606);
#387=LINE('',#2571,#607);
#388=LINE('',#2573,#608);
#389=LINE('',#2574,#609);
#390=LINE('',#2576,#610);
#391=LINE('',#2578,#611);
#392=LINE('',#2579,#612);
#393=LINE('',#2581,#613);
#394=LINE('',#2583,#614);
#395=LINE('',#2584,#615);
#396=LINE('',#2586,#616);
#397=LINE('',#2588,#617);
#398=LINE('',#2592,#618);
#399=LINE('',#2596,#619);
#400=LINE('',#2600,#620);
#401=LINE('',#2604,#621);
#402=LINE('',#2605,#622);
#403=LINE('',#2608,#623);
#404=LINE('',#2610,#624);
#405=LINE('',#2612,#625);
#406=LINE('',#2613,#626);
#407=LINE('',#2615,#627);
#408=LINE('',#2616,#628);
#409=LINE('',#2617,#629);
#410=LINE('',#2619,#630);
#411=LINE('',#2620,#631);
#412=LINE('',#2625,#632);
#413=LINE('',#2626,#633);
#414=LINE('',#2628,#634);
#415=LINE('',#2629,#635);
#416=LINE('',#2634,#636);
#417=LINE('',#2635,#637);
#418=LINE('',#2636,#638);
#419=LINE('',#2638,#639);
#420=LINE('',#2639,#640);
#421=LINE('',#2644,#641);
#422=LINE('',#2645,#642);
#423=LINE('',#2648,#643);
#424=LINE('',#2649,#644);
#425=LINE('',#2651,#645);
#426=LINE('',#2655,#646);
#427=LINE('',#2656,#647);
#428=LINE('',#2659,#648);
#429=LINE('',#2660,#649);
#430=LINE('',#2662,#650);
#431=LINE('',#2665,#651);
#432=LINE('',#2666,#652);
#433=LINE('',#2668,#653);
#434=LINE('',#2670,#654);
#435=LINE('',#2672,#655);
#436=LINE('',#2674,#656);
#437=LINE('',#2676,#657);
#438=LINE('',#2678,#658);
#439=LINE('',#2682,#659);
#440=LINE('',#2684,#660);
#441=LINE('',#2685,#661);
#442=LINE('',#2687,#662);
#443=LINE('',#2689,#663);
#444=LINE('',#2692,#664);
#445=LINE('',#2693,#665);
#446=LINE('',#2695,#666);
#447=LINE('',#2699,#667);
#448=LINE('',#2701,#668);
#449=LINE('',#2702,#669);
#450=LINE('',#2705,#670);
#451=LINE('',#2706,#671);
#452=LINE('',#2709,#672);
#453=LINE('',#2710,#673);
#454=LINE('',#2712,#674);
#455=VECTOR('',#1812,10.);
#456=VECTOR('',#1813,10.);
#457=VECTOR('',#1814,10.);
#458=VECTOR('',#1815,10.);
#459=VECTOR('',#1818,10.);
#460=VECTOR('',#1819,10.);
#461=VECTOR('',#1820,10.);
#462=VECTOR('',#1823,10.);
#463=VECTOR('',#1824,10.);
#464=VECTOR('',#1825,10.);
#465=VECTOR('',#1828,10.);
#466=VECTOR('',#1829,10.);
#467=VECTOR('',#1834,10.);
#468=VECTOR('',#1835,10.);
#469=VECTOR('',#1836,10.);
#470=VECTOR('',#1837,10.);
#471=VECTOR('',#1840,10.);
#472=VECTOR('',#1841,10.);
#473=VECTOR('',#1842,10.);
#474=VECTOR('',#1845,10.);
#475=VECTOR('',#1846,10.);
#476=VECTOR('',#1849,10.);
#477=VECTOR('',#1850,10.);
#478=VECTOR('',#1853,10.);
#479=VECTOR('',#1856,10.);
#480=VECTOR('',#1857,10.);
#481=VECTOR('',#1858,10.);
#482=VECTOR('',#1859,10.);
#483=VECTOR('',#1860,10.);
#484=VECTOR('',#1861,10.);
#485=VECTOR('',#1862,10.);
#486=VECTOR('',#1863,10.);
#487=VECTOR('',#1864,10.);
#488=VECTOR('',#1865,10.);
#489=VECTOR('',#1866,10.);
#490=VECTOR('',#1867,10.);
#491=VECTOR('',#1868,10.);
#492=VECTOR('',#1869,10.);
#493=VECTOR('',#1870,10.);
#494=VECTOR('',#1871,10.);
#495=VECTOR('',#1872,10.);
#496=VECTOR('',#1873,10.);
#497=VECTOR('',#1874,10.);
#498=VECTOR('',#1875,10.);
#499=VECTOR('',#1876,10.);
#500=VECTOR('',#1877,10.);
#501=VECTOR('',#1878,10.);
#502=VECTOR('',#1879,10.);
#503=VECTOR('',#1880,10.);
#504=VECTOR('',#1881,10.);
#505=VECTOR('',#1882,10.);
#506=VECTOR('',#1883,10.);
#507=VECTOR('',#1884,10.);
#508=VECTOR('',#1885,10.);
#509=VECTOR('',#1886,10.);
#510=VECTOR('',#1887,10.);
#511=VECTOR('',#1888,10.);
#512=VECTOR('',#1889,10.);
#513=VECTOR('',#1890,10.);
#514=VECTOR('',#1891,10.);
#515=VECTOR('',#1892,10.);
#516=VECTOR('',#1893,10.);
#517=VECTOR('',#1894,10.);
#518=VECTOR('',#1895,10.);
#519=VECTOR('',#1896,10.);
#520=VECTOR('',#1897,10.);
#521=VECTOR('',#1898,10.);
#522=VECTOR('',#1899,10.);
#523=VECTOR('',#1902,10.);
#524=VECTOR('',#1903,10.);
#525=VECTOR('',#1904,10.);
#526=VECTOR('',#1907,10.);
#527=VECTOR('',#1908,10.);
#528=VECTOR('',#1911,10.);
#529=VECTOR('',#1912,10.);
#530=VECTOR('',#1915,10.);
#531=VECTOR('',#1920,10.);
#532=VECTOR('',#1921,10.);
#533=VECTOR('',#1922,10.);
#534=VECTOR('',#1925,10.);
#535=VECTOR('',#1926,10.);
#536=VECTOR('',#1929,10.);
#537=VECTOR('',#1930,10.);
#538=VECTOR('',#1933,10.);
#539=VECTOR('',#1938,10.);
#540=VECTOR('',#1939,10.);
#541=VECTOR('',#1940,10.);
#542=VECTOR('',#1943,10.);
#543=VECTOR('',#1944,10.);
#544=VECTOR('',#1947,10.);
#545=VECTOR('',#1948,10.);
#546=VECTOR('',#1951,10.);
#547=VECTOR('',#1956,10.);
#548=VECTOR('',#1957,10.);
#549=VECTOR('',#1958,10.);
#550=VECTOR('',#1961,10.);
#551=VECTOR('',#1962,10.);
#552=VECTOR('',#1965,10.);
#553=VECTOR('',#1966,10.);
#554=VECTOR('',#1969,10.);
#555=VECTOR('',#1974,10.);
#556=VECTOR('',#1975,10.);
#557=VECTOR('',#1976,10.);
#558=VECTOR('',#1977,10.);
#559=VECTOR('',#1980,10.);
#560=VECTOR('',#1981,10.);
#561=VECTOR('',#1982,10.);
#562=VECTOR('',#1983,10.);
#563=VECTOR('',#1990,10.);
#564=VECTOR('',#1993,10.);
#565=VECTOR('',#1994,10.);
#566=VECTOR('',#1995,10.);
#567=VECTOR('',#2004,10.);
#568=VECTOR('',#2005,10.);
#569=VECTOR('',#2006,10.);
#570=VECTOR('',#2007,10.);
#571=VECTOR('',#2010,10.);
#572=VECTOR('',#2013,10.);
#573=VECTOR('',#2016,10.);
#574=VECTOR('',#2021,10.);
#575=VECTOR('',#2022,10.);
#576=VECTOR('',#2025,10.);
#577=VECTOR('',#2026,10.);
#578=VECTOR('',#2027,10.);
#579=VECTOR('',#2028,10.);
#580=VECTOR('',#2031,10.);
#581=VECTOR('',#2032,10.);
#582=VECTOR('',#2033,10.);
#583=VECTOR('',#2036,10.);
#584=VECTOR('',#2037,10.);
#585=VECTOR('',#2038,10.);
#586=VECTOR('',#2039,10.);
#587=VECTOR('',#2042,10.);
#588=VECTOR('',#2043,10.);
#589=VECTOR('',#2044,10.);
#590=VECTOR('',#2047,10.);
#591=VECTOR('',#2048,10.);
#592=VECTOR('',#2049,10.);
#593=VECTOR('',#2050,10.);
#594=VECTOR('',#2053,10.);
#595=VECTOR('',#2054,10.);
#596=VECTOR('',#2055,10.);
#597=VECTOR('',#2058,10.);
#598=VECTOR('',#2059,10.);
#599=VECTOR('',#2060,10.);
#600=VECTOR('',#2061,10.);
#601=VECTOR('',#2064,10.);
#602=VECTOR('',#2065,10.);
#603=VECTOR('',#2070,10.);
#604=VECTOR('',#2071,10.);
#605=VECTOR('',#2072,10.);
#606=VECTOR('',#2077,10.);
#607=VECTOR('',#2080,10.);
#608=VECTOR('',#2081,10.);
#609=VECTOR('',#2082,10.);
#610=VECTOR('',#2083,10.);
#611=VECTOR('',#2084,10.);
#612=VECTOR('',#2085,10.);
#613=VECTOR('',#2086,10.);
#614=VECTOR('',#2087,10.);
#615=VECTOR('',#2088,10.);
#616=VECTOR('',#2089,10.);
#617=VECTOR('',#2090,10.);
#618=VECTOR('',#2093,10.);
#619=VECTOR('',#2096,10.);
#620=VECTOR('',#2099,10.);
#621=VECTOR('',#2104,10.);
#622=VECTOR('',#2105,10.);
#623=VECTOR('',#2108,10.);
#624=VECTOR('',#2109,10.);
#625=VECTOR('',#2110,10.);
#626=VECTOR('',#2111,10.);
#627=VECTOR('',#2114,10.);
#628=VECTOR('',#2115,10.);
#629=VECTOR('',#2116,10.);
#630=VECTOR('',#2119,10.);
#631=VECTOR('',#2120,10.);
#632=VECTOR('',#2127,10.);
#633=VECTOR('',#2128,10.);
#634=VECTOR('',#2131,10.);
#635=VECTOR('',#2132,10.);
#636=VECTOR('',#2137,10.);
#637=VECTOR('',#2138,10.);
#638=VECTOR('',#2139,10.);
#639=VECTOR('',#2142,10.);
#640=VECTOR('',#2143,10.);
#641=VECTOR('',#2150,10.);
#642=VECTOR('',#2151,10.);
#643=VECTOR('',#2154,10.);
#644=VECTOR('',#2155,10.);
#645=VECTOR('',#2158,10.);
#646=VECTOR('',#2163,10.);
#647=VECTOR('',#2164,10.);
#648=VECTOR('',#2167,10.);
#649=VECTOR('',#2168,10.);
#650=VECTOR('',#2171,10.);
#651=VECTOR('',#2176,10.);
#652=VECTOR('',#2177,10.);
#653=VECTOR('',#2180,10.);
#654=VECTOR('',#2183,10.);
#655=VECTOR('',#2186,10.);
#656=VECTOR('',#2189,10.);
#657=VECTOR('',#2192,10.);
#658=VECTOR('',#2195,10.);
#659=VECTOR('',#2200,10.);
#660=VECTOR('',#2201,10.);
#661=VECTOR('',#2202,10.);
#662=VECTOR('',#2205,10.);
#663=VECTOR('',#2208,10.);
#664=VECTOR('',#2211,10.);
#665=VECTOR('',#2212,10.);
#666=VECTOR('',#2215,10.);
#667=VECTOR('',#2220,10.);
#668=VECTOR('',#2221,10.);
#669=VECTOR('',#2222,10.);
#670=VECTOR('',#2225,10.);
#671=VECTOR('',#2226,10.);
#672=VECTOR('',#2229,10.);
#673=VECTOR('',#2230,10.);
#674=VECTOR('',#2233,10.);
#675=VERTEX_POINT('',#2238);
#676=VERTEX_POINT('',#2239);
#677=VERTEX_POINT('',#2241);
#678=VERTEX_POINT('',#2243);
#679=VERTEX_POINT('',#2247);
#680=VERTEX_POINT('',#2249);
#681=VERTEX_POINT('',#2253);
#682=VERTEX_POINT('',#2255);
#683=VERTEX_POINT('',#2263);
#684=VERTEX_POINT('',#2264);
#685=VERTEX_POINT('',#2266);
#686=VERTEX_POINT('',#2268);
#687=VERTEX_POINT('',#2272);
#688=VERTEX_POINT('',#2273);
#689=VERTEX_POINT('',#2278);
#690=VERTEX_POINT('',#2282);
#691=VERTEX_POINT('',#2288);
#692=VERTEX_POINT('',#2289);
#693=VERTEX_POINT('',#2291);
#694=VERTEX_POINT('',#2293);
#695=VERTEX_POINT('',#2295);
#696=VERTEX_POINT('',#2297);
#697=VERTEX_POINT('',#2299);
#698=VERTEX_POINT('',#2301);
#699=VERTEX_POINT('',#2303);
#700=VERTEX_POINT('',#2305);
#701=VERTEX_POINT('',#2307);
#702=VERTEX_POINT('',#2309);
#703=VERTEX_POINT('',#2311);
#704=VERTEX_POINT('',#2313);
#705=VERTEX_POINT('',#2315);
#706=VERTEX_POINT('',#2317);
#707=VERTEX_POINT('',#2319);
#708=VERTEX_POINT('',#2321);
#709=VERTEX_POINT('',#2323);
#710=VERTEX_POINT('',#2325);
#711=VERTEX_POINT('',#2327);
#712=VERTEX_POINT('',#2329);
#713=VERTEX_POINT('',#2331);
#714=VERTEX_POINT('',#2333);
#715=VERTEX_POINT('',#2336);
#716=VERTEX_POINT('',#2337);
#717=VERTEX_POINT('',#2339);
#718=VERTEX_POINT('',#2341);
#719=VERTEX_POINT('',#2344);
#720=VERTEX_POINT('',#2345);
#721=VERTEX_POINT('',#2347);
#722=VERTEX_POINT('',#2349);
#723=VERTEX_POINT('',#2352);
#724=VERTEX_POINT('',#2353);
#725=VERTEX_POINT('',#2355);
#726=VERTEX_POINT('',#2357);
#727=VERTEX_POINT('',#2360);
#728=VERTEX_POINT('',#2361);
#729=VERTEX_POINT('',#2363);
#730=VERTEX_POINT('',#2365);
#731=VERTEX_POINT('',#2368);
#732=VERTEX_POINT('',#2369);
#733=VERTEX_POINT('',#2371);
#734=VERTEX_POINT('',#2373);
#735=VERTEX_POINT('',#2377);
#736=VERTEX_POINT('',#2379);
#737=VERTEX_POINT('',#2383);
#738=VERTEX_POINT('',#2387);
#739=VERTEX_POINT('',#2394);
#740=VERTEX_POINT('',#2396);
#741=VERTEX_POINT('',#2400);
#742=VERTEX_POINT('',#2404);
#743=VERTEX_POINT('',#2411);
#744=VERTEX_POINT('',#2413);
#745=VERTEX_POINT('',#2417);
#746=VERTEX_POINT('',#2421);
#747=VERTEX_POINT('',#2428);
#748=VERTEX_POINT('',#2430);
#749=VERTEX_POINT('',#2434);
#750=VERTEX_POINT('',#2438);
#751=VERTEX_POINT('',#2445);
#752=VERTEX_POINT('',#2446);
#753=VERTEX_POINT('',#2448);
#754=VERTEX_POINT('',#2450);
#755=VERTEX_POINT('',#2454);
#756=VERTEX_POINT('',#2455);
#757=VERTEX_POINT('',#2457);
#758=VERTEX_POINT('',#2459);
#759=VERTEX_POINT('',#2463);
#760=VERTEX_POINT('',#2465);
#761=VERTEX_POINT('',#2469);
#762=VERTEX_POINT('',#2471);
#763=VERTEX_POINT('',#2478);
#764=VERTEX_POINT('',#2480);
#765=VERTEX_POINT('',#2483);
#766=VERTEX_POINT('',#2484);
#767=VERTEX_POINT('',#2486);
#768=VERTEX_POINT('',#2488);
#769=VERTEX_POINT('',#2490);
#770=VERTEX_POINT('',#2492);
#771=VERTEX_POINT('',#2494);
#772=VERTEX_POINT('',#2496);
#773=VERTEX_POINT('',#2500);
#774=VERTEX_POINT('',#2504);
#775=VERTEX_POINT('',#2505);
#776=VERTEX_POINT('',#2507);
#777=VERTEX_POINT('',#2509);
#778=VERTEX_POINT('',#2513);
#779=VERTEX_POINT('',#2514);
#780=VERTEX_POINT('',#2519);
#781=VERTEX_POINT('',#2520);
#782=VERTEX_POINT('',#2522);
#783=VERTEX_POINT('',#2524);
#784=VERTEX_POINT('',#2528);
#785=VERTEX_POINT('',#2529);
#786=VERTEX_POINT('',#2534);
#787=VERTEX_POINT('',#2535);
#788=VERTEX_POINT('',#2537);
#789=VERTEX_POINT('',#2539);
#790=VERTEX_POINT('',#2543);
#791=VERTEX_POINT('',#2544);
#792=VERTEX_POINT('',#2550);
#793=VERTEX_POINT('',#2552);
#794=VERTEX_POINT('',#2556);
#795=VERTEX_POINT('',#2558);
#796=VERTEX_POINT('',#2562);
#797=VERTEX_POINT('',#2570);
#798=VERTEX_POINT('',#2572);
#799=VERTEX_POINT('',#2575);
#800=VERTEX_POINT('',#2577);
#801=VERTEX_POINT('',#2580);
#802=VERTEX_POINT('',#2582);
#803=VERTEX_POINT('',#2585);
#804=VERTEX_POINT('',#2587);
#805=VERTEX_POINT('',#2589);
#806=VERTEX_POINT('',#2591);
#807=VERTEX_POINT('',#2593);
#808=VERTEX_POINT('',#2595);
#809=VERTEX_POINT('',#2597);
#810=VERTEX_POINT('',#2599);
#811=VERTEX_POINT('',#2603);
#812=VERTEX_POINT('',#2607);
#813=VERTEX_POINT('',#2609);
#814=VERTEX_POINT('',#2611);
#815=VERTEX_POINT('',#2624);
#816=VERTEX_POINT('',#2631);
#817=VERTEX_POINT('',#2633);
#818=VERTEX_POINT('',#2643);
#819=VERTEX_POINT('',#2647);
#820=VERTEX_POINT('',#2654);
#821=VERTEX_POINT('',#2658);
#822=VERTEX_POINT('',#2681);
#823=VERTEX_POINT('',#2683);
#824=VERTEX_POINT('',#2691);
#825=VERTEX_POINT('',#2698);
#826=VERTEX_POINT('',#2700);
#827=VERTEX_POINT('',#2704);
#828=VERTEX_POINT('',#2708);
#829=EDGE_CURVE('',#675,#676,#235,.T.);
#830=EDGE_CURVE('',#675,#677,#236,.T.);
#831=EDGE_CURVE('',#678,#677,#237,.T.);
#832=EDGE_CURVE('',#676,#678,#238,.T.);
#833=EDGE_CURVE('',#676,#679,#239,.T.);
#834=EDGE_CURVE('',#680,#678,#240,.T.);
#835=EDGE_CURVE('',#679,#680,#241,.T.);
#836=EDGE_CURVE('',#679,#681,#242,.T.);
#837=EDGE_CURVE('',#682,#680,#243,.T.);
#838=EDGE_CURVE('',#681,#682,#244,.T.);
#839=EDGE_CURVE('',#681,#675,#245,.T.);
#840=EDGE_CURVE('',#677,#682,#246,.T.);
#841=EDGE_CURVE('',#683,#684,#247,.T.);
#842=EDGE_CURVE('',#684,#685,#248,.T.);
#843=EDGE_CURVE('',#685,#686,#249,.T.);
#844=EDGE_CURVE('',#686,#683,#250,.T.);
#845=EDGE_CURVE('',#687,#688,#251,.T.);
#846=EDGE_CURVE('',#687,#684,#252,.T.);
#847=EDGE_CURVE('',#688,#683,#253,.T.);
#848=EDGE_CURVE('',#689,#687,#254,.T.);
#849=EDGE_CURVE('',#689,#685,#255,.T.);
#850=EDGE_CURVE('',#690,#689,#256,.T.);
#851=EDGE_CURVE('',#690,#686,#257,.T.);
#852=EDGE_CURVE('',#688,#690,#258,.T.);
#853=EDGE_CURVE('',#691,#692,#259,.T.);
#854=EDGE_CURVE('',#692,#693,#260,.T.);
#855=EDGE_CURVE('',#693,#694,#261,.T.);
#856=EDGE_CURVE('',#694,#695,#262,.T.);
#857=EDGE_CURVE('',#695,#696,#263,.T.);
#858=EDGE_CURVE('',#696,#697,#264,.T.);
#859=EDGE_CURVE('',#697,#698,#265,.T.);
#860=EDGE_CURVE('',#698,#699,#266,.T.);
#861=EDGE_CURVE('',#699,#700,#267,.T.);
#862=EDGE_CURVE('',#700,#701,#268,.T.);
#863=EDGE_CURVE('',#701,#702,#269,.T.);
#864=EDGE_CURVE('',#702,#703,#270,.T.);
#865=EDGE_CURVE('',#703,#704,#271,.T.);
#866=EDGE_CURVE('',#704,#705,#272,.T.);
#867=EDGE_CURVE('',#705,#706,#273,.T.);
#868=EDGE_CURVE('',#706,#707,#274,.T.);
#869=EDGE_CURVE('',#707,#708,#275,.T.);
#870=EDGE_CURVE('',#708,#709,#276,.T.);
#871=EDGE_CURVE('',#709,#710,#277,.T.);
#872=EDGE_CURVE('',#710,#711,#278,.T.);
#873=EDGE_CURVE('',#711,#712,#279,.T.);
#874=EDGE_CURVE('',#712,#713,#280,.T.);
#875=EDGE_CURVE('',#713,#714,#281,.T.);
#876=EDGE_CURVE('',#714,#691,#282,.T.);
#877=EDGE_CURVE('',#715,#716,#283,.T.);
#878=EDGE_CURVE('',#716,#717,#284,.T.);
#879=EDGE_CURVE('',#717,#718,#285,.T.);
#880=EDGE_CURVE('',#718,#715,#286,.T.);
#881=EDGE_CURVE('',#719,#720,#287,.T.);
#882=EDGE_CURVE('',#720,#721,#288,.T.);
#883=EDGE_CURVE('',#721,#722,#289,.T.);
#884=EDGE_CURVE('',#722,#719,#290,.T.);
#885=EDGE_CURVE('',#723,#724,#291,.T.);
#886=EDGE_CURVE('',#724,#725,#292,.T.);
#887=EDGE_CURVE('',#725,#726,#293,.T.);
#888=EDGE_CURVE('',#726,#723,#294,.T.);
#889=EDGE_CURVE('',#727,#728,#295,.T.);
#890=EDGE_CURVE('',#728,#729,#296,.T.);
#891=EDGE_CURVE('',#729,#730,#297,.T.);
#892=EDGE_CURVE('',#730,#727,#298,.T.);
#893=EDGE_CURVE('',#731,#732,#299,.T.);
#894=EDGE_CURVE('',#732,#733,#300,.T.);
#895=EDGE_CURVE('',#733,#734,#301,.T.);
#896=EDGE_CURVE('',#734,#731,#302,.T.);
#897=EDGE_CURVE('',#715,#735,#303,.T.);
#898=EDGE_CURVE('',#736,#735,#304,.T.);
#899=EDGE_CURVE('',#716,#736,#305,.T.);
#900=EDGE_CURVE('',#737,#736,#306,.T.);
#901=EDGE_CURVE('',#717,#737,#307,.T.);
#902=EDGE_CURVE('',#738,#737,#308,.T.);
#903=EDGE_CURVE('',#718,#738,#309,.T.);
#904=EDGE_CURVE('',#735,#738,#310,.T.);
#905=EDGE_CURVE('',#719,#739,#311,.T.);
#906=EDGE_CURVE('',#740,#739,#312,.T.);
#907=EDGE_CURVE('',#720,#740,#313,.T.);
#908=EDGE_CURVE('',#741,#740,#314,.T.);
#909=EDGE_CURVE('',#721,#741,#315,.T.);
#910=EDGE_CURVE('',#742,#741,#316,.T.);
#911=EDGE_CURVE('',#722,#742,#317,.T.);
#912=EDGE_CURVE('',#739,#742,#318,.T.);
#913=EDGE_CURVE('',#723,#743,#319,.T.);
#914=EDGE_CURVE('',#744,#743,#320,.T.);
#915=EDGE_CURVE('',#724,#744,#321,.T.);
#916=EDGE_CURVE('',#745,#744,#322,.T.);
#917=EDGE_CURVE('',#725,#745,#323,.T.);
#918=EDGE_CURVE('',#746,#745,#324,.T.);
#919=EDGE_CURVE('',#726,#746,#325,.T.);
#920=EDGE_CURVE('',#743,#746,#326,.T.);
#921=EDGE_CURVE('',#727,#747,#327,.T.);
#922=EDGE_CURVE('',#748,#747,#328,.T.);
#923=EDGE_CURVE('',#728,#748,#329,.T.);
#924=EDGE_CURVE('',#749,#748,#330,.T.);
#925=EDGE_CURVE('',#729,#749,#331,.T.);
#926=EDGE_CURVE('',#750,#749,#332,.T.);
#927=EDGE_CURVE('',#730,#750,#333,.T.);
#928=EDGE_CURVE('',#747,#750,#334,.T.);
#929=EDGE_CURVE('',#751,#752,#335,.T.);
#930=EDGE_CURVE('',#752,#753,#336,.T.);
#931=EDGE_CURVE('',#753,#754,#337,.T.);
#932=EDGE_CURVE('',#754,#751,#338,.T.);
#933=EDGE_CURVE('',#755,#756,#339,.T.);
#934=EDGE_CURVE('',#757,#755,#340,.T.);
#935=EDGE_CURVE('',#758,#757,#341,.T.);
#936=EDGE_CURVE('',#758,#756,#342,.T.);
#937=EDGE_CURVE('',#756,#759,#15,.T.);
#938=EDGE_CURVE('',#760,#758,#16,.T.);
#939=EDGE_CURVE('',#760,#759,#343,.T.);
#940=EDGE_CURVE('',#759,#761,#344,.T.);
#941=EDGE_CURVE('',#762,#760,#345,.T.);
#942=EDGE_CURVE('',#762,#761,#346,.T.);
#943=EDGE_CURVE('',#761,#755,#17,.T.);
#944=EDGE_CURVE('',#757,#762,#18,.T.);
#945=EDGE_CURVE('',#763,#751,#347,.T.);
#946=EDGE_CURVE('',#764,#763,#348,.T.);
#947=EDGE_CURVE('',#764,#752,#349,.T.);
#948=EDGE_CURVE('',#765,#766,#350,.T.);
#949=EDGE_CURVE('',#766,#767,#19,.T.);
#950=EDGE_CURVE('',#767,#768,#351,.T.);
#951=EDGE_CURVE('',#768,#769,#20,.T.);
#952=EDGE_CURVE('',#769,#770,#352,.T.);
#953=EDGE_CURVE('',#770,#771,#21,.T.);
#954=EDGE_CURVE('',#771,#772,#353,.T.);
#955=EDGE_CURVE('',#772,#765,#22,.T.);
#956=EDGE_CURVE('',#754,#773,#354,.T.);
#957=EDGE_CURVE('',#763,#773,#355,.T.);
#958=EDGE_CURVE('',#774,#775,#356,.T.);
#959=EDGE_CURVE('',#774,#776,#357,.T.);
#960=EDGE_CURVE('',#777,#776,#358,.T.);
#961=EDGE_CURVE('',#775,#777,#359,.T.);
#962=EDGE_CURVE('',#778,#779,#360,.T.);
#963=EDGE_CURVE('',#779,#777,#361,.T.);
#964=EDGE_CURVE('',#776,#778,#362,.T.);
#965=EDGE_CURVE('',#780,#781,#363,.T.);
#966=EDGE_CURVE('',#780,#782,#364,.T.);
#967=EDGE_CURVE('',#783,#782,#365,.T.);
#968=EDGE_CURVE('',#781,#783,#366,.T.);
#969=EDGE_CURVE('',#784,#785,#367,.T.);
#970=EDGE_CURVE('',#785,#783,#368,.T.);
#971=EDGE_CURVE('',#782,#784,#369,.T.);
#972=EDGE_CURVE('',#786,#787,#370,.T.);
#973=EDGE_CURVE('',#786,#788,#371,.T.);
#974=EDGE_CURVE('',#789,#788,#372,.T.);
#975=EDGE_CURVE('',#787,#789,#373,.T.);
#976=EDGE_CURVE('',#790,#791,#374,.T.);
#977=EDGE_CURVE('',#791,#789,#375,.T.);
#978=EDGE_CURVE('',#788,#790,#376,.T.);
#979=EDGE_CURVE('',#700,#778,#377,.T.);
#980=EDGE_CURVE('',#792,#774,#378,.T.);
#981=EDGE_CURVE('',#793,#792,#379,.T.);
#982=EDGE_CURVE('',#701,#793,#380,.T.);
#983=EDGE_CURVE('',#794,#793,#381,.T.);
#984=EDGE_CURVE('',#795,#792,#382,.T.);
#985=EDGE_CURVE('',#795,#794,#23,.T.);
#986=EDGE_CURVE('',#796,#698,#383,.T.);
#987=EDGE_CURVE('',#775,#796,#384,.T.);
#988=EDGE_CURVE('',#699,#779,#385,.T.);
#989=EDGE_CURVE('',#795,#796,#386,.T.);
#990=EDGE_CURVE('',#697,#797,#387,.T.);
#991=EDGE_CURVE('',#797,#798,#388,.T.);
#992=EDGE_CURVE('',#798,#694,#389,.T.);
#993=EDGE_CURVE('',#799,#693,#390,.T.);
#994=EDGE_CURVE('',#800,#799,#391,.T.);
#995=EDGE_CURVE('',#714,#800,#392,.T.);
#996=EDGE_CURVE('',#713,#801,#393,.T.);
#997=EDGE_CURVE('',#801,#802,#394,.T.);
#998=EDGE_CURVE('',#802,#710,#395,.T.);
#999=EDGE_CURVE('',#709,#803,#396,.T.);
#1000=EDGE_CURVE('',#803,#804,#397,.T.);
#1001=EDGE_CURVE('',#804,#805,#24,.T.);
#1002=EDGE_CURVE('',#805,#806,#398,.T.);
#1003=EDGE_CURVE('',#806,#807,#25,.T.);
#1004=EDGE_CURVE('',#807,#808,#399,.T.);
#1005=EDGE_CURVE('',#808,#809,#26,.T.);
#1006=EDGE_CURVE('',#809,#810,#400,.T.);
#1007=EDGE_CURVE('',#810,#795,#27,.T.);
#1008=EDGE_CURVE('',#793,#811,#401,.T.);
#1009=EDGE_CURVE('',#811,#702,#402,.T.);
#1010=EDGE_CURVE('',#811,#812,#403,.T.);
#1011=EDGE_CURVE('',#812,#813,#404,.T.);
#1012=EDGE_CURVE('',#814,#813,#405,.T.);
#1013=EDGE_CURVE('',#811,#814,#406,.T.);
#1014=EDGE_CURVE('',#704,#790,#407,.T.);
#1015=EDGE_CURVE('',#813,#786,#408,.T.);
#1016=EDGE_CURVE('',#705,#812,#409,.T.);
#1017=EDGE_CURVE('',#787,#814,#410,.T.);
#1018=EDGE_CURVE('',#703,#791,#411,.T.);
#1019=EDGE_CURVE('',#812,#815,#412,.T.);
#1020=EDGE_CURVE('',#815,#706,#413,.T.);
#1021=EDGE_CURVE('',#708,#784,#414,.T.);
#1022=EDGE_CURVE('',#803,#780,#415,.T.);
#1023=EDGE_CURVE('',#816,#804,#28,.T.);
#1024=EDGE_CURVE('',#817,#804,#416,.T.);
#1025=EDGE_CURVE('',#815,#817,#417,.T.);
#1026=EDGE_CURVE('',#815,#816,#418,.T.);
#1027=EDGE_CURVE('',#781,#817,#419,.T.);
#1028=EDGE_CURVE('',#707,#785,#420,.T.);
#1029=EDGE_CURVE('',#712,#818,#421,.T.);
#1030=EDGE_CURVE('',#801,#818,#422,.T.);
#1031=EDGE_CURVE('',#819,#802,#423,.T.);
#1032=EDGE_CURVE('',#711,#819,#424,.T.);
#1033=EDGE_CURVE('',#818,#819,#425,.T.);
#1034=EDGE_CURVE('',#696,#820,#426,.T.);
#1035=EDGE_CURVE('',#797,#820,#427,.T.);
#1036=EDGE_CURVE('',#821,#798,#428,.T.);
#1037=EDGE_CURVE('',#695,#821,#429,.T.);
#1038=EDGE_CURVE('',#820,#821,#430,.T.);
#1039=EDGE_CURVE('',#770,#809,#431,.T.);
#1040=EDGE_CURVE('',#769,#810,#432,.T.);
#1041=EDGE_CURVE('',#768,#794,#433,.T.);
#1042=EDGE_CURVE('',#767,#816,#434,.T.);
#1043=EDGE_CURVE('',#766,#805,#435,.T.);
#1044=EDGE_CURVE('',#765,#806,#436,.T.);
#1045=EDGE_CURVE('',#772,#807,#437,.T.);
#1046=EDGE_CURVE('',#771,#808,#438,.T.);
#1047=EDGE_CURVE('',#822,#691,#439,.T.);
#1048=EDGE_CURVE('',#823,#822,#440,.T.);
#1049=EDGE_CURVE('',#823,#692,#441,.T.);
#1050=EDGE_CURVE('',#799,#823,#442,.T.);
#1051=EDGE_CURVE('',#822,#800,#443,.T.);
#1052=EDGE_CURVE('',#773,#824,#444,.T.);
#1053=EDGE_CURVE('',#824,#764,#445,.T.);
#1054=EDGE_CURVE('',#824,#753,#446,.T.);
#1055=EDGE_CURVE('',#731,#825,#447,.T.);
#1056=EDGE_CURVE('',#826,#825,#448,.T.);
#1057=EDGE_CURVE('',#732,#826,#449,.T.);
#1058=EDGE_CURVE('',#827,#826,#450,.T.);
#1059=EDGE_CURVE('',#733,#827,#451,.T.);
#1060=EDGE_CURVE('',#828,#827,#452,.T.);
#1061=EDGE_CURVE('',#734,#828,#453,.T.);
#1062=EDGE_CURVE('',#825,#828,#454,.T.);
#1063=ORIENTED_EDGE('',*,*,#829,.F.);
#1064=ORIENTED_EDGE('',*,*,#830,.T.);
#1065=ORIENTED_EDGE('',*,*,#831,.F.);
#1066=ORIENTED_EDGE('',*,*,#832,.F.);
#1067=ORIENTED_EDGE('',*,*,#833,.F.);
#1068=ORIENTED_EDGE('',*,*,#832,.T.);
#1069=ORIENTED_EDGE('',*,*,#834,.F.);
#1070=ORIENTED_EDGE('',*,*,#835,.F.);
#1071=ORIENTED_EDGE('',*,*,#836,.F.);
#1072=ORIENTED_EDGE('',*,*,#835,.T.);
#1073=ORIENTED_EDGE('',*,*,#837,.F.);
#1074=ORIENTED_EDGE('',*,*,#838,.F.);
#1075=ORIENTED_EDGE('',*,*,#839,.F.);
#1076=ORIENTED_EDGE('',*,*,#838,.T.);
#1077=ORIENTED_EDGE('',*,*,#840,.F.);
#1078=ORIENTED_EDGE('',*,*,#830,.F.);
#1079=ORIENTED_EDGE('',*,*,#840,.T.);
#1080=ORIENTED_EDGE('',*,*,#837,.T.);
#1081=ORIENTED_EDGE('',*,*,#834,.T.);
#1082=ORIENTED_EDGE('',*,*,#831,.T.);
#1083=ORIENTED_EDGE('',*,*,#841,.T.);
#1084=ORIENTED_EDGE('',*,*,#842,.T.);
#1085=ORIENTED_EDGE('',*,*,#843,.T.);
#1086=ORIENTED_EDGE('',*,*,#844,.T.);
#1087=ORIENTED_EDGE('',*,*,#845,.F.);
#1088=ORIENTED_EDGE('',*,*,#846,.T.);
#1089=ORIENTED_EDGE('',*,*,#841,.F.);
#1090=ORIENTED_EDGE('',*,*,#847,.F.);
#1091=ORIENTED_EDGE('',*,*,#848,.F.);
#1092=ORIENTED_EDGE('',*,*,#849,.T.);
#1093=ORIENTED_EDGE('',*,*,#842,.F.);
#1094=ORIENTED_EDGE('',*,*,#846,.F.);
#1095=ORIENTED_EDGE('',*,*,#850,.F.);
#1096=ORIENTED_EDGE('',*,*,#851,.T.);
#1097=ORIENTED_EDGE('',*,*,#843,.F.);
#1098=ORIENTED_EDGE('',*,*,#849,.F.);
#1099=ORIENTED_EDGE('',*,*,#852,.F.);
#1100=ORIENTED_EDGE('',*,*,#847,.T.);
#1101=ORIENTED_EDGE('',*,*,#844,.F.);
#1102=ORIENTED_EDGE('',*,*,#851,.F.);
#1103=ORIENTED_EDGE('',*,*,#853,.T.);
#1104=ORIENTED_EDGE('',*,*,#854,.T.);
#1105=ORIENTED_EDGE('',*,*,#855,.T.);
#1106=ORIENTED_EDGE('',*,*,#856,.T.);
#1107=ORIENTED_EDGE('',*,*,#857,.T.);
#1108=ORIENTED_EDGE('',*,*,#858,.T.);
#1109=ORIENTED_EDGE('',*,*,#859,.T.);
#1110=ORIENTED_EDGE('',*,*,#860,.T.);
#1111=ORIENTED_EDGE('',*,*,#861,.T.);
#1112=ORIENTED_EDGE('',*,*,#862,.T.);
#1113=ORIENTED_EDGE('',*,*,#863,.T.);
#1114=ORIENTED_EDGE('',*,*,#864,.T.);
#1115=ORIENTED_EDGE('',*,*,#865,.T.);
#1116=ORIENTED_EDGE('',*,*,#866,.T.);
#1117=ORIENTED_EDGE('',*,*,#867,.T.);
#1118=ORIENTED_EDGE('',*,*,#868,.T.);
#1119=ORIENTED_EDGE('',*,*,#869,.T.);
#1120=ORIENTED_EDGE('',*,*,#870,.T.);
#1121=ORIENTED_EDGE('',*,*,#871,.T.);
#1122=ORIENTED_EDGE('',*,*,#872,.T.);
#1123=ORIENTED_EDGE('',*,*,#873,.T.);
#1124=ORIENTED_EDGE('',*,*,#874,.T.);
#1125=ORIENTED_EDGE('',*,*,#875,.T.);
#1126=ORIENTED_EDGE('',*,*,#876,.T.);
#1127=ORIENTED_EDGE('',*,*,#829,.T.);
#1128=ORIENTED_EDGE('',*,*,#833,.T.);
#1129=ORIENTED_EDGE('',*,*,#836,.T.);
#1130=ORIENTED_EDGE('',*,*,#839,.T.);
#1131=ORIENTED_EDGE('',*,*,#845,.T.);
#1132=ORIENTED_EDGE('',*,*,#852,.T.);
#1133=ORIENTED_EDGE('',*,*,#850,.T.);
#1134=ORIENTED_EDGE('',*,*,#848,.T.);
#1135=ORIENTED_EDGE('',*,*,#877,.T.);
#1136=ORIENTED_EDGE('',*,*,#878,.T.);
#1137=ORIENTED_EDGE('',*,*,#879,.T.);
#1138=ORIENTED_EDGE('',*,*,#880,.T.);
#1139=ORIENTED_EDGE('',*,*,#881,.T.);
#1140=ORIENTED_EDGE('',*,*,#882,.T.);
#1141=ORIENTED_EDGE('',*,*,#883,.T.);
#1142=ORIENTED_EDGE('',*,*,#884,.T.);
#1143=ORIENTED_EDGE('',*,*,#885,.T.);
#1144=ORIENTED_EDGE('',*,*,#886,.T.);
#1145=ORIENTED_EDGE('',*,*,#887,.T.);
#1146=ORIENTED_EDGE('',*,*,#888,.T.);
#1147=ORIENTED_EDGE('',*,*,#889,.T.);
#1148=ORIENTED_EDGE('',*,*,#890,.T.);
#1149=ORIENTED_EDGE('',*,*,#891,.T.);
#1150=ORIENTED_EDGE('',*,*,#892,.T.);
#1151=ORIENTED_EDGE('',*,*,#893,.T.);
#1152=ORIENTED_EDGE('',*,*,#894,.T.);
#1153=ORIENTED_EDGE('',*,*,#895,.T.);
#1154=ORIENTED_EDGE('',*,*,#896,.T.);
#1155=ORIENTED_EDGE('',*,*,#877,.F.);
#1156=ORIENTED_EDGE('',*,*,#897,.T.);
#1157=ORIENTED_EDGE('',*,*,#898,.F.);
#1158=ORIENTED_EDGE('',*,*,#899,.F.);
#1159=ORIENTED_EDGE('',*,*,#878,.F.);
#1160=ORIENTED_EDGE('',*,*,#899,.T.);
#1161=ORIENTED_EDGE('',*,*,#900,.F.);
#1162=ORIENTED_EDGE('',*,*,#901,.F.);
#1163=ORIENTED_EDGE('',*,*,#879,.F.);
#1164=ORIENTED_EDGE('',*,*,#901,.T.);
#1165=ORIENTED_EDGE('',*,*,#902,.F.);
#1166=ORIENTED_EDGE('',*,*,#903,.F.);
#1167=ORIENTED_EDGE('',*,*,#880,.F.);
#1168=ORIENTED_EDGE('',*,*,#903,.T.);
#1169=ORIENTED_EDGE('',*,*,#904,.F.);
#1170=ORIENTED_EDGE('',*,*,#897,.F.);
#1171=ORIENTED_EDGE('',*,*,#904,.T.);
#1172=ORIENTED_EDGE('',*,*,#902,.T.);
#1173=ORIENTED_EDGE('',*,*,#900,.T.);
#1174=ORIENTED_EDGE('',*,*,#898,.T.);
#1175=ORIENTED_EDGE('',*,*,#881,.F.);
#1176=ORIENTED_EDGE('',*,*,#905,.T.);
#1177=ORIENTED_EDGE('',*,*,#906,.F.);
#1178=ORIENTED_EDGE('',*,*,#907,.F.);
#1179=ORIENTED_EDGE('',*,*,#882,.F.);
#1180=ORIENTED_EDGE('',*,*,#907,.T.);
#1181=ORIENTED_EDGE('',*,*,#908,.F.);
#1182=ORIENTED_EDGE('',*,*,#909,.F.);
#1183=ORIENTED_EDGE('',*,*,#883,.F.);
#1184=ORIENTED_EDGE('',*,*,#909,.T.);
#1185=ORIENTED_EDGE('',*,*,#910,.F.);
#1186=ORIENTED_EDGE('',*,*,#911,.F.);
#1187=ORIENTED_EDGE('',*,*,#884,.F.);
#1188=ORIENTED_EDGE('',*,*,#911,.T.);
#1189=ORIENTED_EDGE('',*,*,#912,.F.);
#1190=ORIENTED_EDGE('',*,*,#905,.F.);
#1191=ORIENTED_EDGE('',*,*,#912,.T.);
#1192=ORIENTED_EDGE('',*,*,#910,.T.);
#1193=ORIENTED_EDGE('',*,*,#908,.T.);
#1194=ORIENTED_EDGE('',*,*,#906,.T.);
#1195=ORIENTED_EDGE('',*,*,#885,.F.);
#1196=ORIENTED_EDGE('',*,*,#913,.T.);
#1197=ORIENTED_EDGE('',*,*,#914,.F.);
#1198=ORIENTED_EDGE('',*,*,#915,.F.);
#1199=ORIENTED_EDGE('',*,*,#886,.F.);
#1200=ORIENTED_EDGE('',*,*,#915,.T.);
#1201=ORIENTED_EDGE('',*,*,#916,.F.);
#1202=ORIENTED_EDGE('',*,*,#917,.F.);
#1203=ORIENTED_EDGE('',*,*,#887,.F.);
#1204=ORIENTED_EDGE('',*,*,#917,.T.);
#1205=ORIENTED_EDGE('',*,*,#918,.F.);
#1206=ORIENTED_EDGE('',*,*,#919,.F.);
#1207=ORIENTED_EDGE('',*,*,#888,.F.);
#1208=ORIENTED_EDGE('',*,*,#919,.T.);
#1209=ORIENTED_EDGE('',*,*,#920,.F.);
#1210=ORIENTED_EDGE('',*,*,#913,.F.);
#1211=ORIENTED_EDGE('',*,*,#920,.T.);
#1212=ORIENTED_EDGE('',*,*,#918,.T.);
#1213=ORIENTED_EDGE('',*,*,#916,.T.);
#1214=ORIENTED_EDGE('',*,*,#914,.T.);
#1215=ORIENTED_EDGE('',*,*,#889,.F.);
#1216=ORIENTED_EDGE('',*,*,#921,.T.);
#1217=ORIENTED_EDGE('',*,*,#922,.F.);
#1218=ORIENTED_EDGE('',*,*,#923,.F.);
#1219=ORIENTED_EDGE('',*,*,#890,.F.);
#1220=ORIENTED_EDGE('',*,*,#923,.T.);
#1221=ORIENTED_EDGE('',*,*,#924,.F.);
#1222=ORIENTED_EDGE('',*,*,#925,.F.);
#1223=ORIENTED_EDGE('',*,*,#891,.F.);
#1224=ORIENTED_EDGE('',*,*,#925,.T.);
#1225=ORIENTED_EDGE('',*,*,#926,.F.);
#1226=ORIENTED_EDGE('',*,*,#927,.F.);
#1227=ORIENTED_EDGE('',*,*,#892,.F.);
#1228=ORIENTED_EDGE('',*,*,#927,.T.);
#1229=ORIENTED_EDGE('',*,*,#928,.F.);
#1230=ORIENTED_EDGE('',*,*,#921,.F.);
#1231=ORIENTED_EDGE('',*,*,#928,.T.);
#1232=ORIENTED_EDGE('',*,*,#926,.T.);
#1233=ORIENTED_EDGE('',*,*,#924,.T.);
#1234=ORIENTED_EDGE('',*,*,#922,.T.);
#1235=ORIENTED_EDGE('',*,*,#929,.T.);
#1236=ORIENTED_EDGE('',*,*,#930,.T.);
#1237=ORIENTED_EDGE('',*,*,#931,.T.);
#1238=ORIENTED_EDGE('',*,*,#932,.T.);
#1239=ORIENTED_EDGE('',*,*,#933,.F.);
#1240=ORIENTED_EDGE('',*,*,#934,.F.);
#1241=ORIENTED_EDGE('',*,*,#935,.F.);
#1242=ORIENTED_EDGE('',*,*,#936,.T.);
#1243=ORIENTED_EDGE('',*,*,#937,.F.);
#1244=ORIENTED_EDGE('',*,*,#936,.F.);
#1245=ORIENTED_EDGE('',*,*,#938,.F.);
#1246=ORIENTED_EDGE('',*,*,#939,.T.);
#1247=ORIENTED_EDGE('',*,*,#940,.F.);
#1248=ORIENTED_EDGE('',*,*,#939,.F.);
#1249=ORIENTED_EDGE('',*,*,#941,.F.);
#1250=ORIENTED_EDGE('',*,*,#942,.T.);
#1251=ORIENTED_EDGE('',*,*,#943,.F.);
#1252=ORIENTED_EDGE('',*,*,#942,.F.);
#1253=ORIENTED_EDGE('',*,*,#944,.F.);
#1254=ORIENTED_EDGE('',*,*,#934,.T.);
#1255=ORIENTED_EDGE('',*,*,#945,.F.);
#1256=ORIENTED_EDGE('',*,*,#946,.F.);
#1257=ORIENTED_EDGE('',*,*,#947,.T.);
#1258=ORIENTED_EDGE('',*,*,#929,.F.);
#1259=ORIENTED_EDGE('',*,*,#941,.T.);
#1260=ORIENTED_EDGE('',*,*,#938,.T.);
#1261=ORIENTED_EDGE('',*,*,#935,.T.);
#1262=ORIENTED_EDGE('',*,*,#944,.T.);
#1263=ORIENTED_EDGE('',*,*,#948,.T.);
#1264=ORIENTED_EDGE('',*,*,#949,.T.);
#1265=ORIENTED_EDGE('',*,*,#950,.T.);
#1266=ORIENTED_EDGE('',*,*,#951,.T.);
#1267=ORIENTED_EDGE('',*,*,#952,.T.);
#1268=ORIENTED_EDGE('',*,*,#953,.T.);
#1269=ORIENTED_EDGE('',*,*,#954,.T.);
#1270=ORIENTED_EDGE('',*,*,#955,.T.);
#1271=ORIENTED_EDGE('',*,*,#956,.T.);
#1272=ORIENTED_EDGE('',*,*,#957,.F.);
#1273=ORIENTED_EDGE('',*,*,#945,.T.);
#1274=ORIENTED_EDGE('',*,*,#932,.F.);
#1275=ORIENTED_EDGE('',*,*,#958,.F.);
#1276=ORIENTED_EDGE('',*,*,#959,.T.);
#1277=ORIENTED_EDGE('',*,*,#960,.F.);
#1278=ORIENTED_EDGE('',*,*,#961,.F.);
#1279=ORIENTED_EDGE('',*,*,#962,.T.);
#1280=ORIENTED_EDGE('',*,*,#963,.T.);
#1281=ORIENTED_EDGE('',*,*,#960,.T.);
#1282=ORIENTED_EDGE('',*,*,#964,.T.);
#1283=ORIENTED_EDGE('',*,*,#965,.F.);
#1284=ORIENTED_EDGE('',*,*,#966,.T.);
#1285=ORIENTED_EDGE('',*,*,#967,.F.);
#1286=ORIENTED_EDGE('',*,*,#968,.F.);
#1287=ORIENTED_EDGE('',*,*,#969,.T.);
#1288=ORIENTED_EDGE('',*,*,#970,.T.);
#1289=ORIENTED_EDGE('',*,*,#967,.T.);
#1290=ORIENTED_EDGE('',*,*,#971,.T.);
#1291=ORIENTED_EDGE('',*,*,#972,.F.);
#1292=ORIENTED_EDGE('',*,*,#973,.T.);
#1293=ORIENTED_EDGE('',*,*,#974,.F.);
#1294=ORIENTED_EDGE('',*,*,#975,.F.);
#1295=ORIENTED_EDGE('',*,*,#976,.T.);
#1296=ORIENTED_EDGE('',*,*,#977,.T.);
#1297=ORIENTED_EDGE('',*,*,#974,.T.);
#1298=ORIENTED_EDGE('',*,*,#978,.T.);
#1299=ORIENTED_EDGE('',*,*,#862,.F.);
#1300=ORIENTED_EDGE('',*,*,#979,.T.);
#1301=ORIENTED_EDGE('',*,*,#964,.F.);
#1302=ORIENTED_EDGE('',*,*,#959,.F.);
#1303=ORIENTED_EDGE('',*,*,#980,.F.);
#1304=ORIENTED_EDGE('',*,*,#981,.F.);
#1305=ORIENTED_EDGE('',*,*,#982,.F.);
#1306=ORIENTED_EDGE('',*,*,#983,.T.);
#1307=ORIENTED_EDGE('',*,*,#981,.T.);
#1308=ORIENTED_EDGE('',*,*,#984,.F.);
#1309=ORIENTED_EDGE('',*,*,#985,.T.);
#1310=ORIENTED_EDGE('',*,*,#860,.F.);
#1311=ORIENTED_EDGE('',*,*,#986,.F.);
#1312=ORIENTED_EDGE('',*,*,#987,.F.);
#1313=ORIENTED_EDGE('',*,*,#961,.T.);
#1314=ORIENTED_EDGE('',*,*,#963,.F.);
#1315=ORIENTED_EDGE('',*,*,#988,.F.);
#1316=ORIENTED_EDGE('',*,*,#861,.F.);
#1317=ORIENTED_EDGE('',*,*,#988,.T.);
#1318=ORIENTED_EDGE('',*,*,#962,.F.);
#1319=ORIENTED_EDGE('',*,*,#979,.F.);
#1320=ORIENTED_EDGE('',*,*,#958,.T.);
#1321=ORIENTED_EDGE('',*,*,#987,.T.);
#1322=ORIENTED_EDGE('',*,*,#989,.F.);
#1323=ORIENTED_EDGE('',*,*,#984,.T.);
#1324=ORIENTED_EDGE('',*,*,#980,.T.);
#1325=ORIENTED_EDGE('',*,*,#986,.T.);
#1326=ORIENTED_EDGE('',*,*,#859,.F.);
#1327=ORIENTED_EDGE('',*,*,#990,.T.);
#1328=ORIENTED_EDGE('',*,*,#991,.T.);
#1329=ORIENTED_EDGE('',*,*,#992,.T.);
#1330=ORIENTED_EDGE('',*,*,#855,.F.);
#1331=ORIENTED_EDGE('',*,*,#993,.F.);
#1332=ORIENTED_EDGE('',*,*,#994,.F.);
#1333=ORIENTED_EDGE('',*,*,#995,.F.);
#1334=ORIENTED_EDGE('',*,*,#875,.F.);
#1335=ORIENTED_EDGE('',*,*,#996,.T.);
#1336=ORIENTED_EDGE('',*,*,#997,.T.);
#1337=ORIENTED_EDGE('',*,*,#998,.T.);
#1338=ORIENTED_EDGE('',*,*,#871,.F.);
#1339=ORIENTED_EDGE('',*,*,#999,.T.);
#1340=ORIENTED_EDGE('',*,*,#1000,.T.);
#1341=ORIENTED_EDGE('',*,*,#1001,.T.);
#1342=ORIENTED_EDGE('',*,*,#1002,.T.);
#1343=ORIENTED_EDGE('',*,*,#1003,.T.);
#1344=ORIENTED_EDGE('',*,*,#1004,.T.);
#1345=ORIENTED_EDGE('',*,*,#1005,.T.);
#1346=ORIENTED_EDGE('',*,*,#1006,.T.);
#1347=ORIENTED_EDGE('',*,*,#1007,.T.);
#1348=ORIENTED_EDGE('',*,*,#989,.T.);
#1349=ORIENTED_EDGE('',*,*,#940,.T.);
#1350=ORIENTED_EDGE('',*,*,#943,.T.);
#1351=ORIENTED_EDGE('',*,*,#933,.T.);
#1352=ORIENTED_EDGE('',*,*,#937,.T.);
#1353=ORIENTED_EDGE('',*,*,#982,.T.);
#1354=ORIENTED_EDGE('',*,*,#1008,.T.);
#1355=ORIENTED_EDGE('',*,*,#1009,.T.);
#1356=ORIENTED_EDGE('',*,*,#863,.F.);
#1357=ORIENTED_EDGE('',*,*,#1010,.T.);
#1358=ORIENTED_EDGE('',*,*,#1011,.T.);
#1359=ORIENTED_EDGE('',*,*,#1012,.F.);
#1360=ORIENTED_EDGE('',*,*,#1013,.F.);
#1361=ORIENTED_EDGE('',*,*,#866,.F.);
#1362=ORIENTED_EDGE('',*,*,#1014,.T.);
#1363=ORIENTED_EDGE('',*,*,#978,.F.);
#1364=ORIENTED_EDGE('',*,*,#973,.F.);
#1365=ORIENTED_EDGE('',*,*,#1015,.F.);
#1366=ORIENTED_EDGE('',*,*,#1011,.F.);
#1367=ORIENTED_EDGE('',*,*,#1016,.F.);
#1368=ORIENTED_EDGE('',*,*,#864,.F.);
#1369=ORIENTED_EDGE('',*,*,#1009,.F.);
#1370=ORIENTED_EDGE('',*,*,#1013,.T.);
#1371=ORIENTED_EDGE('',*,*,#1017,.F.);
#1372=ORIENTED_EDGE('',*,*,#975,.T.);
#1373=ORIENTED_EDGE('',*,*,#977,.F.);
#1374=ORIENTED_EDGE('',*,*,#1018,.F.);
#1375=ORIENTED_EDGE('',*,*,#865,.F.);
#1376=ORIENTED_EDGE('',*,*,#1018,.T.);
#1377=ORIENTED_EDGE('',*,*,#976,.F.);
#1378=ORIENTED_EDGE('',*,*,#1014,.F.);
#1379=ORIENTED_EDGE('',*,*,#972,.T.);
#1380=ORIENTED_EDGE('',*,*,#1017,.T.);
#1381=ORIENTED_EDGE('',*,*,#1012,.T.);
#1382=ORIENTED_EDGE('',*,*,#1015,.T.);
#1383=ORIENTED_EDGE('',*,*,#1016,.T.);
#1384=ORIENTED_EDGE('',*,*,#1019,.T.);
#1385=ORIENTED_EDGE('',*,*,#1020,.T.);
#1386=ORIENTED_EDGE('',*,*,#867,.F.);
#1387=ORIENTED_EDGE('',*,*,#870,.F.);
#1388=ORIENTED_EDGE('',*,*,#1021,.T.);
#1389=ORIENTED_EDGE('',*,*,#971,.F.);
#1390=ORIENTED_EDGE('',*,*,#966,.F.);
#1391=ORIENTED_EDGE('',*,*,#1022,.F.);
#1392=ORIENTED_EDGE('',*,*,#999,.F.);
#1393=ORIENTED_EDGE('',*,*,#1023,.T.);
#1394=ORIENTED_EDGE('',*,*,#1024,.F.);
#1395=ORIENTED_EDGE('',*,*,#1025,.F.);
#1396=ORIENTED_EDGE('',*,*,#1026,.T.);
#1397=ORIENTED_EDGE('',*,*,#868,.F.);
#1398=ORIENTED_EDGE('',*,*,#1020,.F.);
#1399=ORIENTED_EDGE('',*,*,#1025,.T.);
#1400=ORIENTED_EDGE('',*,*,#1027,.F.);
#1401=ORIENTED_EDGE('',*,*,#968,.T.);
#1402=ORIENTED_EDGE('',*,*,#970,.F.);
#1403=ORIENTED_EDGE('',*,*,#1028,.F.);
#1404=ORIENTED_EDGE('',*,*,#869,.F.);
#1405=ORIENTED_EDGE('',*,*,#1028,.T.);
#1406=ORIENTED_EDGE('',*,*,#969,.F.);
#1407=ORIENTED_EDGE('',*,*,#1021,.F.);
#1408=ORIENTED_EDGE('',*,*,#965,.T.);
#1409=ORIENTED_EDGE('',*,*,#1027,.T.);
#1410=ORIENTED_EDGE('',*,*,#1024,.T.);
#1411=ORIENTED_EDGE('',*,*,#1000,.F.);
#1412=ORIENTED_EDGE('',*,*,#1022,.T.);
#1413=ORIENTED_EDGE('',*,*,#874,.F.);
#1414=ORIENTED_EDGE('',*,*,#1029,.T.);
#1415=ORIENTED_EDGE('',*,*,#1030,.F.);
#1416=ORIENTED_EDGE('',*,*,#996,.F.);
#1417=ORIENTED_EDGE('',*,*,#872,.F.);
#1418=ORIENTED_EDGE('',*,*,#998,.F.);
#1419=ORIENTED_EDGE('',*,*,#1031,.F.);
#1420=ORIENTED_EDGE('',*,*,#1032,.F.);
#1421=ORIENTED_EDGE('',*,*,#873,.F.);
#1422=ORIENTED_EDGE('',*,*,#1032,.T.);
#1423=ORIENTED_EDGE('',*,*,#1033,.F.);
#1424=ORIENTED_EDGE('',*,*,#1029,.F.);
#1425=ORIENTED_EDGE('',*,*,#1033,.T.);
#1426=ORIENTED_EDGE('',*,*,#1031,.T.);
#1427=ORIENTED_EDGE('',*,*,#997,.F.);
#1428=ORIENTED_EDGE('',*,*,#1030,.T.);
#1429=ORIENTED_EDGE('',*,*,#858,.F.);
#1430=ORIENTED_EDGE('',*,*,#1034,.T.);
#1431=ORIENTED_EDGE('',*,*,#1035,.F.);
#1432=ORIENTED_EDGE('',*,*,#990,.F.);
#1433=ORIENTED_EDGE('',*,*,#856,.F.);
#1434=ORIENTED_EDGE('',*,*,#992,.F.);
#1435=ORIENTED_EDGE('',*,*,#1036,.F.);
#1436=ORIENTED_EDGE('',*,*,#1037,.F.);
#1437=ORIENTED_EDGE('',*,*,#857,.F.);
#1438=ORIENTED_EDGE('',*,*,#1037,.T.);
#1439=ORIENTED_EDGE('',*,*,#1038,.F.);
#1440=ORIENTED_EDGE('',*,*,#1034,.F.);
#1441=ORIENTED_EDGE('',*,*,#1038,.T.);
#1442=ORIENTED_EDGE('',*,*,#1036,.T.);
#1443=ORIENTED_EDGE('',*,*,#991,.F.);
#1444=ORIENTED_EDGE('',*,*,#1035,.T.);
#1445=ORIENTED_EDGE('',*,*,#1006,.F.);
#1446=ORIENTED_EDGE('',*,*,#1039,.F.);
#1447=ORIENTED_EDGE('',*,*,#952,.F.);
#1448=ORIENTED_EDGE('',*,*,#1040,.T.);
#1449=ORIENTED_EDGE('',*,*,#1007,.F.);
#1450=ORIENTED_EDGE('',*,*,#1040,.F.);
#1451=ORIENTED_EDGE('',*,*,#951,.F.);
#1452=ORIENTED_EDGE('',*,*,#1041,.T.);
#1453=ORIENTED_EDGE('',*,*,#985,.F.);
#1454=ORIENTED_EDGE('',*,*,#983,.F.);
#1455=ORIENTED_EDGE('',*,*,#1041,.F.);
#1456=ORIENTED_EDGE('',*,*,#950,.F.);
#1457=ORIENTED_EDGE('',*,*,#1042,.T.);
#1458=ORIENTED_EDGE('',*,*,#1026,.F.);
#1459=ORIENTED_EDGE('',*,*,#1019,.F.);
#1460=ORIENTED_EDGE('',*,*,#1010,.F.);
#1461=ORIENTED_EDGE('',*,*,#1008,.F.);
#1462=ORIENTED_EDGE('',*,*,#1023,.F.);
#1463=ORIENTED_EDGE('',*,*,#1042,.F.);
#1464=ORIENTED_EDGE('',*,*,#949,.F.);
#1465=ORIENTED_EDGE('',*,*,#1043,.T.);
#1466=ORIENTED_EDGE('',*,*,#1001,.F.);
#1467=ORIENTED_EDGE('',*,*,#1002,.F.);
#1468=ORIENTED_EDGE('',*,*,#1043,.F.);
#1469=ORIENTED_EDGE('',*,*,#948,.F.);
#1470=ORIENTED_EDGE('',*,*,#1044,.T.);
#1471=ORIENTED_EDGE('',*,*,#1003,.F.);
#1472=ORIENTED_EDGE('',*,*,#1044,.F.);
#1473=ORIENTED_EDGE('',*,*,#955,.F.);
#1474=ORIENTED_EDGE('',*,*,#1045,.T.);
#1475=ORIENTED_EDGE('',*,*,#1004,.F.);
#1476=ORIENTED_EDGE('',*,*,#1045,.F.);
#1477=ORIENTED_EDGE('',*,*,#954,.F.);
#1478=ORIENTED_EDGE('',*,*,#1046,.T.);
#1479=ORIENTED_EDGE('',*,*,#1005,.F.);
#1480=ORIENTED_EDGE('',*,*,#1046,.F.);
#1481=ORIENTED_EDGE('',*,*,#953,.F.);
#1482=ORIENTED_EDGE('',*,*,#1039,.T.);
#1483=ORIENTED_EDGE('',*,*,#1047,.F.);
#1484=ORIENTED_EDGE('',*,*,#1048,.F.);
#1485=ORIENTED_EDGE('',*,*,#1049,.T.);
#1486=ORIENTED_EDGE('',*,*,#853,.F.);
#1487=ORIENTED_EDGE('',*,*,#1049,.F.);
#1488=ORIENTED_EDGE('',*,*,#1050,.F.);
#1489=ORIENTED_EDGE('',*,*,#993,.T.);
#1490=ORIENTED_EDGE('',*,*,#854,.F.);
#1491=ORIENTED_EDGE('',*,*,#995,.T.);
#1492=ORIENTED_EDGE('',*,*,#1051,.F.);
#1493=ORIENTED_EDGE('',*,*,#1047,.T.);
#1494=ORIENTED_EDGE('',*,*,#876,.F.);
#1495=ORIENTED_EDGE('',*,*,#957,.T.);
#1496=ORIENTED_EDGE('',*,*,#1052,.T.);
#1497=ORIENTED_EDGE('',*,*,#1053,.T.);
#1498=ORIENTED_EDGE('',*,*,#946,.T.);
#1499=ORIENTED_EDGE('',*,*,#1051,.T.);
#1500=ORIENTED_EDGE('',*,*,#994,.T.);
#1501=ORIENTED_EDGE('',*,*,#1050,.T.);
#1502=ORIENTED_EDGE('',*,*,#1048,.T.);
#1503=ORIENTED_EDGE('',*,*,#1054,.F.);
#1504=ORIENTED_EDGE('',*,*,#1052,.F.);
#1505=ORIENTED_EDGE('',*,*,#956,.F.);
#1506=ORIENTED_EDGE('',*,*,#931,.F.);
#1507=ORIENTED_EDGE('',*,*,#947,.F.);
#1508=ORIENTED_EDGE('',*,*,#1053,.F.);
#1509=ORIENTED_EDGE('',*,*,#1054,.T.);
#1510=ORIENTED_EDGE('',*,*,#930,.F.);
#1511=ORIENTED_EDGE('',*,*,#893,.F.);
#1512=ORIENTED_EDGE('',*,*,#1055,.T.);
#1513=ORIENTED_EDGE('',*,*,#1056,.F.);
#1514=ORIENTED_EDGE('',*,*,#1057,.F.);
#1515=ORIENTED_EDGE('',*,*,#894,.F.);
#1516=ORIENTED_EDGE('',*,*,#1057,.T.);
#1517=ORIENTED_EDGE('',*,*,#1058,.F.);
#1518=ORIENTED_EDGE('',*,*,#1059,.F.);
#1519=ORIENTED_EDGE('',*,*,#895,.F.);
#1520=ORIENTED_EDGE('',*,*,#1059,.T.);
#1521=ORIENTED_EDGE('',*,*,#1060,.F.);
#1522=ORIENTED_EDGE('',*,*,#1061,.F.);
#1523=ORIENTED_EDGE('',*,*,#896,.F.);
#1524=ORIENTED_EDGE('',*,*,#1061,.T.);
#1525=ORIENTED_EDGE('',*,*,#1062,.F.);
#1526=ORIENTED_EDGE('',*,*,#1055,.F.);
#1527=ORIENTED_EDGE('',*,*,#1062,.T.);
#1528=ORIENTED_EDGE('',*,*,#1060,.T.);
#1529=ORIENTED_EDGE('',*,*,#1058,.T.);
#1530=ORIENTED_EDGE('',*,*,#1056,.T.);
#1531=PLANE('',#1705);
#1532=PLANE('',#1706);
#1533=PLANE('',#1707);
#1534=PLANE('',#1708);
#1535=PLANE('',#1709);
#1536=PLANE('',#1710);
#1537=PLANE('',#1711);
#1538=PLANE('',#1712);
#1539=PLANE('',#1713);
#1540=PLANE('',#1714);
#1541=PLANE('',#1715);
#1542=PLANE('',#1716);
#1543=PLANE('',#1717);
#1544=PLANE('',#1718);
#1545=PLANE('',#1719);
#1546=PLANE('',#1720);
#1547=PLANE('',#1721);
#1548=PLANE('',#1722);
#1549=PLANE('',#1723);
#1550=PLANE('',#1724);
#1551=PLANE('',#1725);
#1552=PLANE('',#1726);
#1553=PLANE('',#1727);
#1554=PLANE('',#1728);
#1555=PLANE('',#1729);
#1556=PLANE('',#1730);
#1557=PLANE('',#1731);
#1558=PLANE('',#1732);
#1559=PLANE('',#1733);
#1560=PLANE('',#1734);
#1561=PLANE('',#1735);
#1562=PLANE('',#1736);
#1563=PLANE('',#1737);
#1564=PLANE('',#1741);
#1565=PLANE('',#1745);
#1566=PLANE('',#1750);
#1567=PLANE('',#1751);
#1568=PLANE('',#1752);
#1569=PLANE('',#1753);
#1570=PLANE('',#1754);
#1571=PLANE('',#1755);
#1572=PLANE('',#1756);
#1573=PLANE('',#1757);
#1574=PLANE('',#1758);
#1575=PLANE('',#1760);
#1576=PLANE('',#1761);
#1577=PLANE('',#1762);
#1578=PLANE('',#1763);
#1579=PLANE('',#1768);
#1580=PLANE('',#1769);
#1581=PLANE('',#1770);
#1582=PLANE('',#1771);
#1583=PLANE('',#1772);
#1584=PLANE('',#1773);
#1585=PLANE('',#1774);
#1586=PLANE('',#1775);
#1587=PLANE('',#1776);
#1588=PLANE('',#1778);
#1589=PLANE('',#1779);
#1590=PLANE('',#1780);
#1591=PLANE('',#1781);
#1592=PLANE('',#1782);
#1593=PLANE('',#1783);
#1594=PLANE('',#1784);
#1595=PLANE('',#1785);
#1596=PLANE('',#1786);
#1597=PLANE('',#1787);
#1598=PLANE('',#1788);
#1599=PLANE('',#1789);
#1600=PLANE('',#1791);
#1601=PLANE('',#1793);
#1602=PLANE('',#1795);
#1603=PLANE('',#1797);
#1604=PLANE('',#1798);
#1605=PLANE('',#1799);
#1606=PLANE('',#1800);
#1607=PLANE('',#1801);
#1608=PLANE('',#1802);
#1609=PLANE('',#1803);
#1610=PLANE('',#1804);
#1611=PLANE('',#1805);
#1612=PLANE('',#1806);
#1613=PLANE('',#1807);
#1614=ADVANCED_FACE('',(#46),#1531,.T.);
#1615=ADVANCED_FACE('',(#47),#1532,.T.);
#1616=ADVANCED_FACE('',(#48),#1533,.T.);
#1617=ADVANCED_FACE('',(#49),#1534,.T.);
#1618=ADVANCED_FACE('',(#50),#1535,.T.);
#1619=ADVANCED_FACE('',(#51),#1536,.T.);
#1620=ADVANCED_FACE('',(#52),#1537,.T.);
#1621=ADVANCED_FACE('',(#53),#1538,.T.);
#1622=ADVANCED_FACE('',(#54),#1539,.T.);
#1623=ADVANCED_FACE('',(#55),#1540,.T.);
#1624=ADVANCED_FACE('',(#56,#35,#36,#37,#38,#39,#40,#41),#1541,.T.);
#1625=ADVANCED_FACE('',(#57),#1542,.T.);
#1626=ADVANCED_FACE('',(#58),#1543,.T.);
#1627=ADVANCED_FACE('',(#59),#1544,.T.);
#1628=ADVANCED_FACE('',(#60),#1545,.T.);
#1629=ADVANCED_FACE('',(#61),#1546,.T.);
#1630=ADVANCED_FACE('',(#62),#1547,.T.);
#1631=ADVANCED_FACE('',(#63),#1548,.T.);
#1632=ADVANCED_FACE('',(#64),#1549,.T.);
#1633=ADVANCED_FACE('',(#65),#1550,.T.);
#1634=ADVANCED_FACE('',(#66),#1551,.T.);
#1635=ADVANCED_FACE('',(#67),#1552,.T.);
#1636=ADVANCED_FACE('',(#68),#1553,.T.);
#1637=ADVANCED_FACE('',(#69),#1554,.T.);
#1638=ADVANCED_FACE('',(#70),#1555,.T.);
#1639=ADVANCED_FACE('',(#71),#1556,.T.);
#1640=ADVANCED_FACE('',(#72),#1557,.T.);
#1641=ADVANCED_FACE('',(#73),#1558,.T.);
#1642=ADVANCED_FACE('',(#74),#1559,.T.);
#1643=ADVANCED_FACE('',(#75),#1560,.T.);
#1644=ADVANCED_FACE('',(#76),#1561,.T.);
#1645=ADVANCED_FACE('',(#77),#1562,.T.);
#1646=ADVANCED_FACE('',(#78),#1563,.F.);
#1647=ADVANCED_FACE('',(#79),#29,.F.);
#1648=ADVANCED_FACE('',(#80),#1564,.F.);
#1649=ADVANCED_FACE('',(#81),#30,.F.);
#1650=ADVANCED_FACE('',(#82,#42,#43),#1565,.T.);
#1651=ADVANCED_FACE('',(#83),#1566,.T.);
#1652=ADVANCED_FACE('',(#84),#1567,.T.);
#1653=ADVANCED_FACE('',(#85),#1568,.T.);
#1654=ADVANCED_FACE('',(#86),#1569,.T.);
#1655=ADVANCED_FACE('',(#87),#1570,.T.);
#1656=ADVANCED_FACE('',(#88),#1571,.T.);
#1657=ADVANCED_FACE('',(#89),#1572,.T.);
#1658=ADVANCED_FACE('',(#90),#1573,.T.);
#1659=ADVANCED_FACE('',(#91),#1574,.T.);
#1660=ADVANCED_FACE('',(#92),#1575,.T.);
#1661=ADVANCED_FACE('',(#93),#1576,.T.);
#1662=ADVANCED_FACE('',(#94),#1577,.T.);
#1663=ADVANCED_FACE('',(#95,#44),#1578,.T.);
#1664=ADVANCED_FACE('',(#96),#1579,.T.);
#1665=ADVANCED_FACE('',(#97),#1580,.T.);
#1666=ADVANCED_FACE('',(#98),#1581,.T.);
#1667=ADVANCED_FACE('',(#99),#1582,.T.);
#1668=ADVANCED_FACE('',(#100),#1583,.T.);
#1669=ADVANCED_FACE('',(#101),#1584,.T.);
#1670=ADVANCED_FACE('',(#102),#1585,.T.);
#1671=ADVANCED_FACE('',(#103),#1586,.T.);
#1672=ADVANCED_FACE('',(#104),#1587,.T.);
#1673=ADVANCED_FACE('',(#105),#1588,.T.);
#1674=ADVANCED_FACE('',(#106),#1589,.T.);
#1675=ADVANCED_FACE('',(#107),#1590,.T.);
#1676=ADVANCED_FACE('',(#108),#1591,.T.);
#1677=ADVANCED_FACE('',(#109),#1592,.T.);
#1678=ADVANCED_FACE('',(#110),#1593,.T.);
#1679=ADVANCED_FACE('',(#111),#1594,.T.);
#1680=ADVANCED_FACE('',(#112),#1595,.T.);
#1681=ADVANCED_FACE('',(#113),#1596,.T.);
#1682=ADVANCED_FACE('',(#114),#1597,.T.);
#1683=ADVANCED_FACE('',(#115),#1598,.T.);
#1684=ADVANCED_FACE('',(#116),#1599,.F.);
#1685=ADVANCED_FACE('',(#117),#31,.F.);
#1686=ADVANCED_FACE('',(#118),#1600,.F.);
#1687=ADVANCED_FACE('',(#119),#32,.F.);
#1688=ADVANCED_FACE('',(#120),#1601,.F.);
#1689=ADVANCED_FACE('',(#121),#33,.F.);
#1690=ADVANCED_FACE('',(#122),#1602,.F.);
#1691=ADVANCED_FACE('',(#123),#34,.F.);
#1692=ADVANCED_FACE('',(#124),#1603,.T.);
#1693=ADVANCED_FACE('',(#125),#1604,.T.);
#1694=ADVANCED_FACE('',(#126),#1605,.T.);
#1695=ADVANCED_FACE('',(#127,#45),#1606,.T.);
#1696=ADVANCED_FACE('',(#128),#1607,.T.);
#1697=ADVANCED_FACE('',(#129),#1608,.T.);
#1698=ADVANCED_FACE('',(#130),#1609,.T.);
#1699=ADVANCED_FACE('',(#131),#1610,.T.);
#1700=ADVANCED_FACE('',(#132),#1611,.T.);
#1701=ADVANCED_FACE('',(#133),#1612,.T.);
#1702=ADVANCED_FACE('',(#134),#1613,.T.);
#1703=CLOSED_SHELL('',(#1614,#1615,#1616,#1617,#1618,#1619,#1620,#1621,
#1622,#1623,#1624,#1625,#1626,#1627,#1628,#1629,#1630,#1631,#1632,#1633,
#1634,#1635,#1636,#1637,#1638,#1639,#1640,#1641,#1642,#1643,#1644,#1645,
#1646,#1647,#1648,#1649,#1650,#1651,#1652,#1653,#1654,#1655,#1656,#1657,
#1658,#1659,#1660,#1661,#1662,#1663,#1664,#1665,#1666,#1667,#1668,#1669,
#1670,#1671,#1672,#1673,#1674,#1675,#1676,#1677,#1678,#1679,#1680,#1681,
#1682,#1683,#1684,#1685,#1686,#1687,#1688,#1689,#1690,#1691,#1692,#1693,
#1694,#1695,#1696,#1697,#1698,#1699,#1700,#1701,#1702));
#1704=AXIS2_PLACEMENT_3D('',#2236,#1808,#1809);
#1705=AXIS2_PLACEMENT_3D('',#2237,#1810,#1811);
#1706=AXIS2_PLACEMENT_3D('',#2246,#1816,#1817);
#1707=AXIS2_PLACEMENT_3D('',#2252,#1821,#1822);
#1708=AXIS2_PLACEMENT_3D('',#2258,#1826,#1827);
#1709=AXIS2_PLACEMENT_3D('',#2261,#1830,#1831);
#1710=AXIS2_PLACEMENT_3D('',#2262,#1832,#1833);
#1711=AXIS2_PLACEMENT_3D('',#2271,#1838,#1839);
#1712=AXIS2_PLACEMENT_3D('',#2277,#1843,#1844);
#1713=AXIS2_PLACEMENT_3D('',#2281,#1847,#1848);
#1714=AXIS2_PLACEMENT_3D('',#2285,#1851,#1852);
#1715=AXIS2_PLACEMENT_3D('',#2287,#1854,#1855);
#1716=AXIS2_PLACEMENT_3D('',#2376,#1900,#1901);
#1717=AXIS2_PLACEMENT_3D('',#2382,#1905,#1906);
#1718=AXIS2_PLACEMENT_3D('',#2386,#1909,#1910);
#1719=AXIS2_PLACEMENT_3D('',#2390,#1913,#1914);
#1720=AXIS2_PLACEMENT_3D('',#2392,#1916,#1917);
#1721=AXIS2_PLACEMENT_3D('',#2393,#1918,#1919);
#1722=AXIS2_PLACEMENT_3D('',#2399,#1923,#1924);
#1723=AXIS2_PLACEMENT_3D('',#2403,#1927,#1928);
#1724=AXIS2_PLACEMENT_3D('',#2407,#1931,#1932);
#1725=AXIS2_PLACEMENT_3D('',#2409,#1934,#1935);
#1726=AXIS2_PLACEMENT_3D('',#2410,#1936,#1937);
#1727=AXIS2_PLACEMENT_3D('',#2416,#1941,#1942);
#1728=AXIS2_PLACEMENT_3D('',#2420,#1945,#1946);
#1729=AXIS2_PLACEMENT_3D('',#2424,#1949,#1950);
#1730=AXIS2_PLACEMENT_3D('',#2426,#1952,#1953);
#1731=AXIS2_PLACEMENT_3D('',#2427,#1954,#1955);
#1732=AXIS2_PLACEMENT_3D('',#2433,#1959,#1960);
#1733=AXIS2_PLACEMENT_3D('',#2437,#1963,#1964);
#1734=AXIS2_PLACEMENT_3D('',#2441,#1967,#1968);
#1735=AXIS2_PLACEMENT_3D('',#2443,#1970,#1971);
#1736=AXIS2_PLACEMENT_3D('',#2444,#1972,#1973);
#1737=AXIS2_PLACEMENT_3D('',#2453,#1978,#1979);
#1738=AXIS2_PLACEMENT_3D('',#2462,#1984,#1985);
#1739=AXIS2_PLACEMENT_3D('',#2464,#1986,#1987);
#1740=AXIS2_PLACEMENT_3D('',#2466,#1988,#1989);
#1741=AXIS2_PLACEMENT_3D('',#2468,#1991,#1992);
#1742=AXIS2_PLACEMENT_3D('',#2474,#1996,#1997);
#1743=AXIS2_PLACEMENT_3D('',#2475,#1998,#1999);
#1744=AXIS2_PLACEMENT_3D('',#2476,#2000,#2001);
#1745=AXIS2_PLACEMENT_3D('',#2477,#2002,#2003);
#1746=AXIS2_PLACEMENT_3D('',#2487,#2008,#2009);
#1747=AXIS2_PLACEMENT_3D('',#2491,#2011,#2012);
#1748=AXIS2_PLACEMENT_3D('',#2495,#2014,#2015);
#1749=AXIS2_PLACEMENT_3D('',#2498,#2017,#2018);
#1750=AXIS2_PLACEMENT_3D('',#2499,#2019,#2020);
#1751=AXIS2_PLACEMENT_3D('',#2503,#2023,#2024);
#1752=AXIS2_PLACEMENT_3D('',#2512,#2029,#2030);
#1753=AXIS2_PLACEMENT_3D('',#2518,#2034,#2035);
#1754=AXIS2_PLACEMENT_3D('',#2527,#2040,#2041);
#1755=AXIS2_PLACEMENT_3D('',#2533,#2045,#2046);
#1756=AXIS2_PLACEMENT_3D('',#2542,#2051,#2052);
#1757=AXIS2_PLACEMENT_3D('',#2548,#2056,#2057);
#1758=AXIS2_PLACEMENT_3D('',#2555,#2062,#2063);
#1759=AXIS2_PLACEMENT_3D('',#2560,#2066,#2067);
#1760=AXIS2_PLACEMENT_3D('',#2561,#2068,#2069);
#1761=AXIS2_PLACEMENT_3D('',#2566,#2073,#2074);
#1762=AXIS2_PLACEMENT_3D('',#2567,#2075,#2076);
#1763=AXIS2_PLACEMENT_3D('',#2569,#2078,#2079);
#1764=AXIS2_PLACEMENT_3D('',#2590,#2091,#2092);
#1765=AXIS2_PLACEMENT_3D('',#2594,#2094,#2095);
#1766=AXIS2_PLACEMENT_3D('',#2598,#2097,#2098);
#1767=AXIS2_PLACEMENT_3D('',#2601,#2100,#2101);
#1768=AXIS2_PLACEMENT_3D('',#2602,#2102,#2103);
#1769=AXIS2_PLACEMENT_3D('',#2606,#2106,#2107);
#1770=AXIS2_PLACEMENT_3D('',#2614,#2112,#2113);
#1771=AXIS2_PLACEMENT_3D('',#2618,#2117,#2118);
#1772=AXIS2_PLACEMENT_3D('',#2621,#2121,#2122);
#1773=AXIS2_PLACEMENT_3D('',#2622,#2123,#2124);
#1774=AXIS2_PLACEMENT_3D('',#2623,#2125,#2126);
#1775=AXIS2_PLACEMENT_3D('',#2627,#2129,#2130);
#1776=AXIS2_PLACEMENT_3D('',#2630,#2133,#2134);
#1777=AXIS2_PLACEMENT_3D('',#2632,#2135,#2136);
#1778=AXIS2_PLACEMENT_3D('',#2637,#2140,#2141);
#1779=AXIS2_PLACEMENT_3D('',#2640,#2144,#2145);
#1780=AXIS2_PLACEMENT_3D('',#2641,#2146,#2147);
#1781=AXIS2_PLACEMENT_3D('',#2642,#2148,#2149);
#1782=AXIS2_PLACEMENT_3D('',#2646,#2152,#2153);
#1783=AXIS2_PLACEMENT_3D('',#2650,#2156,#2157);
#1784=AXIS2_PLACEMENT_3D('',#2652,#2159,#2160);
#1785=AXIS2_PLACEMENT_3D('',#2653,#2161,#2162);
#1786=AXIS2_PLACEMENT_3D('',#2657,#2165,#2166);
#1787=AXIS2_PLACEMENT_3D('',#2661,#2169,#2170);
#1788=AXIS2_PLACEMENT_3D('',#2663,#2172,#2173);
#1789=AXIS2_PLACEMENT_3D('',#2664,#2174,#2175);
#1790=AXIS2_PLACEMENT_3D('',#2667,#2178,#2179);
#1791=AXIS2_PLACEMENT_3D('',#2669,#2181,#2182);
#1792=AXIS2_PLACEMENT_3D('',#2671,#2184,#2185);
#1793=AXIS2_PLACEMENT_3D('',#2673,#2187,#2188);
#1794=AXIS2_PLACEMENT_3D('',#2675,#2190,#2191);
#1795=AXIS2_PLACEMENT_3D('',#2677,#2193,#2194);
#1796=AXIS2_PLACEMENT_3D('',#2679,#2196,#2197);
#1797=AXIS2_PLACEMENT_3D('',#2680,#2198,#2199);
#1798=AXIS2_PLACEMENT_3D('',#2686,#2203,#2204);
#1799=AXIS2_PLACEMENT_3D('',#2688,#2206,#2207);
#1800=AXIS2_PLACEMENT_3D('',#2690,#2209,#2210);
#1801=AXIS2_PLACEMENT_3D('',#2694,#2213,#2214);
#1802=AXIS2_PLACEMENT_3D('',#2696,#2216,#2217);
#1803=AXIS2_PLACEMENT_3D('',#2697,#2218,#2219);
#1804=AXIS2_PLACEMENT_3D('',#2703,#2223,#2224);
#1805=AXIS2_PLACEMENT_3D('',#2707,#2227,#2228);
#1806=AXIS2_PLACEMENT_3D('',#2711,#2231,#2232);
#1807=AXIS2_PLACEMENT_3D('',#2713,#2234,#2235);
#1808=DIRECTION('axis',(0.,0.,1.));
#1809=DIRECTION('refdir',(1.,0.,0.));
#1810=DIRECTION('center_axis',(-1.,0.,0.));
#1811=DIRECTION('ref_axis',(0.,-1.,0.));
#1812=DIRECTION('',(0.,1.,0.));
#1813=DIRECTION('',(0.,0.,1.));
#1814=DIRECTION('',(0.,-1.,0.));
#1815=DIRECTION('',(0.,0.,1.));
#1816=DIRECTION('center_axis',(0.,1.,0.));
#1817=DIRECTION('ref_axis',(-1.,0.,0.));
#1818=DIRECTION('',(1.,0.,0.));
#1819=DIRECTION('',(-1.,0.,0.));
#1820=DIRECTION('',(0.,0.,1.));
#1821=DIRECTION('center_axis',(1.,0.,0.));
#1822=DIRECTION('ref_axis',(0.,1.,0.));
#1823=DIRECTION('',(0.,-1.,0.));
#1824=DIRECTION('',(0.,1.,0.));
#1825=DIRECTION('',(0.,0.,1.));
#1826=DIRECTION('center_axis',(0.,-1.,0.));
#1827=DIRECTION('ref_axis',(1.,0.,0.));
#1828=DIRECTION('',(-1.,0.,0.));
#1829=DIRECTION('',(1.,0.,0.));
#1830=DIRECTION('center_axis',(0.,0.,1.));
#1831=DIRECTION('ref_axis',(1.,0.,0.));
#1832=DIRECTION('center_axis',(0.,0.,1.));
#1833=DIRECTION('ref_axis',(1.,0.,0.));
#1834=DIRECTION('',(1.,0.,0.));
#1835=DIRECTION('',(0.,1.,0.));
#1836=DIRECTION('',(-1.,0.,0.));
#1837=DIRECTION('',(0.,-1.,0.));
#1838=DIRECTION('center_axis',(0.,-1.,0.));
#1839=DIRECTION('ref_axis',(1.,0.,0.));
#1840=DIRECTION('',(-1.,0.,0.));
#1841=DIRECTION('',(0.,0.,1.));
#1842=DIRECTION('',(0.,0.,1.));
#1843=DIRECTION('center_axis',(1.,0.,0.));
#1844=DIRECTION('ref_axis',(0.,1.,0.));
#1845=DIRECTION('',(0.,-1.,0.));
#1846=DIRECTION('',(0.,0.,1.));
#1847=DIRECTION('center_axis',(0.,1.,0.));
#1848=DIRECTION('ref_axis',(-1.,0.,0.));
#1849=DIRECTION('',(1.,0.,0.));
#1850=DIRECTION('',(0.,0.,1.));
#1851=DIRECTION('center_axis',(-1.,0.,0.));
#1852=DIRECTION('ref_axis',(0.,-1.,0.));
#1853=DIRECTION('',(0.,1.,0.));
#1854=DIRECTION('center_axis',(0.,0.,1.));
#1855=DIRECTION('ref_axis',(1.,0.,0.));
#1856=DIRECTION('',(1.,2.0305705391685E-48,0.));
#1857=DIRECTION('',(-1.83667601732642E-48,1.,0.));
#1858=DIRECTION('',(-1.,-2.0305705391685E-48,0.));
#1859=DIRECTION('',(0.,-1.,0.));
#1860=DIRECTION('',(-1.,-8.88178419700113E-15,0.));
#1861=DIRECTION('',(0.,1.,0.));
#1862=DIRECTION('',(-1.,-2.0305705391685E-48,0.));
#1863=DIRECTION('',(0.,-1.,0.));
#1864=DIRECTION('',(-1.,0.,0.));
#1865=DIRECTION('',(0.,1.,0.));
#1866=DIRECTION('',(-1.,-2.0305705391685E-48,0.));
#1867=DIRECTION('',(0.,-1.,0.));
#1868=DIRECTION('',(-1.,0.,0.));
#1869=DIRECTION('',(0.,1.,0.));
#1870=DIRECTION('',(-1.,-2.0305705391685E-48,0.));
#1871=DIRECTION('',(0.,-1.,0.));
#1872=DIRECTION('',(-1.,0.,0.));
#1873=DIRECTION('',(0.,1.,0.));
#1874=DIRECTION('',(-1.,-2.0305705391685E-48,0.));
#1875=DIRECTION('',(0.,-1.,0.));
#1876=DIRECTION('',(-1.,0.,0.));
#1877=DIRECTION('',(0.,1.,0.));
#1878=DIRECTION('',(-1.,-2.0305705391685E-48,0.));
#1879=DIRECTION('',(1.83667601732642E-48,-1.,0.));
#1880=DIRECTION('',(-1.,0.,0.));
#1881=DIRECTION('',(0.,1.,0.));
#1882=DIRECTION('',(1.,0.,0.));
#1883=DIRECTION('',(0.,-1.,0.));
#1884=DIRECTION('',(0.,1.,0.));
#1885=DIRECTION('',(1.,0.,0.));
#1886=DIRECTION('',(0.,-1.,0.));
#1887=DIRECTION('',(-1.,0.,0.));
#1888=DIRECTION('',(0.,1.,0.));
#1889=DIRECTION('',(1.,0.,0.));
#1890=DIRECTION('',(0.,-1.,0.));
#1891=DIRECTION('',(-1.,0.,0.));
#1892=DIRECTION('',(0.,1.,0.));
#1893=DIRECTION('',(1.,0.,0.));
#1894=DIRECTION('',(0.,-1.,0.));
#1895=DIRECTION('',(-1.,0.,0.));
#1896=DIRECTION('',(0.,1.,0.));
#1897=DIRECTION('',(1.,0.,0.));
#1898=DIRECTION('',(0.,-1.,0.));
#1899=DIRECTION('',(-1.,0.,0.));
#1900=DIRECTION('center_axis',(0.,-1.,0.));
#1901=DIRECTION('ref_axis',(1.,0.,0.));
#1902=DIRECTION('',(0.,0.,1.));
#1903=DIRECTION('',(1.,0.,0.));
#1904=DIRECTION('',(0.,0.,1.));
#1905=DIRECTION('center_axis',(-1.,0.,0.));
#1906=DIRECTION('ref_axis',(0.,-1.,0.));
#1907=DIRECTION('',(0.,-1.,0.));
#1908=DIRECTION('',(0.,0.,1.));
#1909=DIRECTION('center_axis',(0.,1.,0.));
#1910=DIRECTION('ref_axis',(-1.,0.,0.));
#1911=DIRECTION('',(-1.,0.,0.));
#1912=DIRECTION('',(0.,0.,1.));
#1913=DIRECTION('center_axis',(1.,0.,0.));
#1914=DIRECTION('ref_axis',(0.,1.,0.));
#1915=DIRECTION('',(0.,1.,0.));
#1916=DIRECTION('center_axis',(0.,0.,1.));
#1917=DIRECTION('ref_axis',(1.,0.,0.));
#1918=DIRECTION('center_axis',(-1.,0.,0.));
#1919=DIRECTION('ref_axis',(0.,-1.,0.));
#1920=DIRECTION('',(0.,0.,1.));
#1921=DIRECTION('',(0.,-1.,0.));
#1922=DIRECTION('',(0.,0.,1.));
#1923=DIRECTION('center_axis',(0.,1.,0.));
#1924=DIRECTION('ref_axis',(-1.,0.,0.));
#1925=DIRECTION('',(-1.,0.,0.));
#1926=DIRECTION('',(0.,0.,1.));
#1927=DIRECTION('center_axis',(1.,0.,0.));
#1928=DIRECTION('ref_axis',(0.,1.,0.));
#1929=DIRECTION('',(0.,1.,0.));
#1930=DIRECTION('',(0.,0.,1.));
#1931=DIRECTION('center_axis',(0.,-1.,0.));
#1932=DIRECTION('ref_axis',(1.,0.,0.));
#1933=DIRECTION('',(1.,0.,0.));
#1934=DIRECTION('center_axis',(0.,0.,1.));
#1935=DIRECTION('ref_axis',(1.,0.,0.));
#1936=DIRECTION('center_axis',(-1.,0.,0.));
#1937=DIRECTION('ref_axis',(0.,-1.,0.));
#1938=DIRECTION('',(0.,0.,1.));
#1939=DIRECTION('',(0.,-1.,0.));
#1940=DIRECTION('',(0.,0.,1.));
#1941=DIRECTION('center_axis',(0.,1.,0.));
#1942=DIRECTION('ref_axis',(-1.,0.,0.));
#1943=DIRECTION('',(-1.,0.,0.));
#1944=DIRECTION('',(0.,0.,1.));
#1945=DIRECTION('center_axis',(1.,0.,0.));
#1946=DIRECTION('ref_axis',(0.,1.,0.));
#1947=DIRECTION('',(0.,1.,0.));
#1948=DIRECTION('',(0.,0.,1.));
#1949=DIRECTION('center_axis',(0.,-1.,0.));
#1950=DIRECTION('ref_axis',(1.,0.,0.));
#1951=DIRECTION('',(1.,0.,0.));
#1952=DIRECTION('center_axis',(0.,0.,1.));
#1953=DIRECTION('ref_axis',(1.,0.,0.));
#1954=DIRECTION('center_axis',(-1.,0.,0.));
#1955=DIRECTION('ref_axis',(0.,-1.,0.));
#1956=DIRECTION('',(0.,0.,1.));
#1957=DIRECTION('',(0.,-1.,0.));
#1958=DIRECTION('',(0.,0.,1.));
#1959=DIRECTION('center_axis',(0.,1.,0.));
#1960=DIRECTION('ref_axis',(-1.,0.,0.));
#1961=DIRECTION('',(-1.,0.,0.));
#1962=DIRECTION('',(0.,0.,1.));
#1963=DIRECTION('center_axis',(1.,0.,0.));
#1964=DIRECTION('ref_axis',(0.,1.,0.));
#1965=DIRECTION('',(0.,1.,0.));
#1966=DIRECTION('',(0.,0.,1.));
#1967=DIRECTION('center_axis',(0.,-1.,0.));
#1968=DIRECTION('ref_axis',(1.,0.,0.));
#1969=DIRECTION('',(1.,0.,0.));
#1970=DIRECTION('center_axis',(0.,0.,1.));
#1971=DIRECTION('ref_axis',(1.,0.,0.));
#1972=DIRECTION('center_axis',(0.,0.,-1.));
#1973=DIRECTION('ref_axis',(-1.,0.,0.));
#1974=DIRECTION('',(1.,0.,0.));
#1975=DIRECTION('',(0.,-1.,0.));
#1976=DIRECTION('',(-1.,0.,0.));
#1977=DIRECTION('',(0.,1.,0.));
#1978=DIRECTION('center_axis',(0.,0.,1.));
#1979=DIRECTION('ref_axis',(-1.,0.,0.));
#1980=DIRECTION('',(1.,2.0305705391685E-48,0.));
#1981=DIRECTION('',(0.,-1.,0.));
#1982=DIRECTION('',(-1.,-2.0305705391685E-48,0.));
#1983=DIRECTION('',(0.,-1.,0.));
#1984=DIRECTION('center_axis',(0.,-1.,0.));
#1985=DIRECTION('ref_axis',(0.,0.,1.));
#1986=DIRECTION('center_axis',(-2.0305705391685E-48,1.,1.35393051783556E-16));
#1987=DIRECTION('ref_axis',(0.,0.,1.));
#1988=DIRECTION('center_axis',(2.0305705391685E-48,-1.,-1.35393051783556E-16));
#1989=DIRECTION('ref_axis',(0.,0.,1.));
#1990=DIRECTION('',(0.,-1.,0.));
#1991=DIRECTION('center_axis',(0.,0.,-1.));
#1992=DIRECTION('ref_axis',(1.,0.,0.));
#1993=DIRECTION('',(-1.,-2.0305705391685E-48,0.));
#1994=DIRECTION('',(1.,2.0305705391685E-48,0.));
#1995=DIRECTION('',(0.,-1.,0.));
#1996=DIRECTION('center_axis',(0.,-1.,0.));
#1997=DIRECTION('ref_axis',(-3.55271367880051E-14,0.,-1.));
#1998=DIRECTION('center_axis',(-2.0305705391685E-48,1.,1.35393051783556E-16));
#1999=DIRECTION('ref_axis',(-3.55271367880051E-14,0.,-1.));
#2000=DIRECTION('center_axis',(2.0305705391685E-48,-1.,-1.35393051783556E-16));
#2001=DIRECTION('ref_axis',(-3.55271367880051E-14,0.,-1.));
#2002=DIRECTION('center_axis',(-2.0305705391685E-48,1.,1.35393051783556E-16));
#2003=DIRECTION('ref_axis',(-1.,0.,-1.499759782662E-32));
#2004=DIRECTION('',(0.,0.,-1.));
#2005=DIRECTION('',(-1.,0.,-1.499759782662E-32));
#2006=DIRECTION('',(0.,0.,-1.));
#2007=DIRECTION('',(0.,1.35393051783556E-16,-1.));
#2008=DIRECTION('center_axis',(2.0305705391685E-48,-1.,-1.35393051783556E-16));
#2009=DIRECTION('ref_axis',(0.,0.,-1.));
#2010=DIRECTION('',(1.,-5.97714534586004E-32,4.41466180658615E-16));
#2011=DIRECTION('center_axis',(2.0305705391685E-48,-1.,-1.35393051783556E-16));
#2012=DIRECTION('ref_axis',(1.,0.,1.64477485129655E-14));
#2013=DIRECTION('',(0.,-1.35393051783556E-16,1.));
#2014=DIRECTION('center_axis',(2.0305705391685E-48,-1.,-1.35393051783556E-16));
#2015=DIRECTION('ref_axis',(0.,0.,1.));
#2016=DIRECTION('',(-1.,-2.0305705391685E-48,0.));
#2017=DIRECTION('center_axis',(2.0305705391685E-48,-1.,-1.35393051783556E-16));
#2018=DIRECTION('ref_axis',(-1.,0.,-1.62421516565535E-14));
#2019=DIRECTION('center_axis',(-1.,-1.83667601732642E-48,-2.48673171123491E-64));
#2020=DIRECTION('ref_axis',(1.83667601732642E-48,-1.,-1.224646799147E-16));
#2021=DIRECTION('',(0.,-1.35393051783556E-16,1.));
#2022=DIRECTION('',(1.83667601732642E-48,-1.,-1.224646799147E-16));
#2023=DIRECTION('center_axis',(0.,1.,0.));
#2024=DIRECTION('ref_axis',(-1.,0.,0.));
#2025=DIRECTION('',(1.,0.,0.));
#2026=DIRECTION('',(0.,0.,1.));
#2027=DIRECTION('',(-1.,0.,0.));
#2028=DIRECTION('',(0.,0.,1.));
#2029=DIRECTION('center_axis',(0.,0.,1.));
#2030=DIRECTION('ref_axis',(1.,0.,0.));
#2031=DIRECTION('',(1.,0.,0.));
#2032=DIRECTION('',(0.,1.,0.));
#2033=DIRECTION('',(0.,-1.,0.));
#2034=DIRECTION('center_axis',(0.,1.,0.));
#2035=DIRECTION('ref_axis',(-1.,0.,0.));
#2036=DIRECTION('',(1.,0.,0.));
#2037=DIRECTION('',(0.,0.,1.));
#2038=DIRECTION('',(-1.,0.,0.));
#2039=DIRECTION('',(0.,0.,1.));
#2040=DIRECTION('center_axis',(0.,0.,1.));
#2041=DIRECTION('ref_axis',(1.,0.,0.));
#2042=DIRECTION('',(1.,0.,0.));
#2043=DIRECTION('',(0.,1.,0.));
#2044=DIRECTION('',(0.,-1.,0.));
#2045=DIRECTION('center_axis',(0.,1.,0.));
#2046=DIRECTION('ref_axis',(-1.,0.,0.));
#2047=DIRECTION('',(1.,0.,0.));
#2048=DIRECTION('',(0.,0.,1.));
#2049=DIRECTION('',(-1.,0.,0.));
#2050=DIRECTION('',(0.,0.,1.));
#2051=DIRECTION('center_axis',(0.,0.,1.));
#2052=DIRECTION('ref_axis',(1.,0.,0.));
#2053=DIRECTION('',(1.,0.,0.));
#2054=DIRECTION('',(0.,1.,0.));
#2055=DIRECTION('',(0.,-1.,0.));
#2056=DIRECTION('center_axis',(-1.,0.,0.));
#2057=DIRECTION('ref_axis',(0.,-1.,0.));
#2058=DIRECTION('',(0.,0.,1.));
#2059=DIRECTION('',(0.,-1.,0.));
#2060=DIRECTION('',(0.,0.,1.));
#2061=DIRECTION('',(0.,-1.35393051783556E-16,1.));
#2062=DIRECTION('center_axis',(0.,1.,0.));
#2063=DIRECTION('ref_axis',(-1.,0.,0.));
#2064=DIRECTION('',(-1.,5.97714534586004E-32,-4.41466180658615E-16));
#2065=DIRECTION('',(-1.,0.,0.));
#2066=DIRECTION('center_axis',(-2.0305705391685E-48,1.,1.35393051783556E-16));
#2067=DIRECTION('ref_axis',(1.,0.,1.64477485129655E-14));
#2068=DIRECTION('center_axis',(1.,0.,0.));
#2069=DIRECTION('ref_axis',(0.,1.,0.));
#2070=DIRECTION('',(0.,1.35393051783556E-16,-1.));
#2071=DIRECTION('',(0.,1.,0.));
#2072=DIRECTION('',(0.,0.,1.));
#2073=DIRECTION('center_axis',(0.,-1.,0.));
#2074=DIRECTION('ref_axis',(1.,0.,0.));
#2075=DIRECTION('center_axis',(0.,0.,1.));
#2076=DIRECTION('ref_axis',(1.,0.,0.));
#2077=DIRECTION('',(1.,2.0305705391685E-48,0.));
#2078=DIRECTION('center_axis',(2.0305705391685E-48,-1.,-1.35393051783556E-16));
#2079=DIRECTION('ref_axis',(1.,0.,1.499759782662E-32));
#2080=DIRECTION('',(0.,-1.35393051783556E-16,1.));
#2081=DIRECTION('',(1.,2.0305705391685E-48,0.));
#2082=DIRECTION('',(0.,1.35393051783556E-16,-1.));
#2083=DIRECTION('',(0.,0.,-1.));
#2084=DIRECTION('',(1.,0.,1.499759782662E-32));
#2085=DIRECTION('',(0.,-1.35393051783556E-16,1.));
#2086=DIRECTION('',(0.,-1.35393051783556E-16,1.));
#2087=DIRECTION('',(1.,2.0305705391685E-48,0.));
#2088=DIRECTION('',(0.,1.35393051783556E-16,-1.));
#2089=DIRECTION('',(0.,-1.35393051783556E-16,1.));
#2090=DIRECTION('',(1.,2.0305705391685E-48,0.));
#2091=DIRECTION('center_axis',(-2.0305705391685E-48,1.,1.35393051783556E-16));
#2092=DIRECTION('ref_axis',(0.,0.,-1.));
#2093=DIRECTION('',(0.,-1.35393051783556E-16,1.));
#2094=DIRECTION('center_axis',(-2.0305705391685E-48,1.,1.35393051783556E-16));
#2095=DIRECTION('ref_axis',(-1.,0.,-1.62421516565535E-14));
#2096=DIRECTION('',(1.,2.0305705391685E-48,0.));
#2097=DIRECTION('center_axis',(-2.0305705391685E-48,1.,1.35393051783556E-16));
#2098=DIRECTION('ref_axis',(0.,0.,1.));
#2099=DIRECTION('',(0.,1.35393051783556E-16,-1.));
#2100=DIRECTION('center_axis',(-2.0305705391685E-48,1.,1.35393051783556E-16));
#2101=DIRECTION('ref_axis',(1.,0.,1.64477485129655E-14));
#2102=DIRECTION('center_axis',(2.0305705391685E-48,-1.,-1.35393051783556E-16));
#2103=DIRECTION('ref_axis',(1.,0.,1.499759782662E-32));
#2104=DIRECTION('',(-1.,5.97714534586004E-32,-4.41466180658615E-16));
#2105=DIRECTION('',(0.,1.35393051783556E-16,-1.));
#2106=DIRECTION('center_axis',(0.,1.,0.));
#2107=DIRECTION('ref_axis',(-1.,0.,0.));
#2108=DIRECTION('',(-1.,5.97714534586004E-32,-4.41466180658615E-16));
#2109=DIRECTION('',(0.,0.,1.));
#2110=DIRECTION('',(-1.,0.,0.));
#2111=DIRECTION('',(0.,0.,1.));
#2112=DIRECTION('center_axis',(-1.,0.,0.));
#2113=DIRECTION('ref_axis',(0.,-1.,0.));
#2114=DIRECTION('',(0.,0.,1.));
#2115=DIRECTION('',(0.,-1.,0.));
#2116=DIRECTION('',(0.,-1.35393051783556E-16,1.));
#2117=DIRECTION('center_axis',(1.,0.,0.));
#2118=DIRECTION('ref_axis',(0.,1.,0.));
#2119=DIRECTION('',(0.,1.,0.));
#2120=DIRECTION('',(0.,0.,1.));
#2121=DIRECTION('center_axis',(0.,-1.,0.));
#2122=DIRECTION('ref_axis',(1.,0.,0.));
#2123=DIRECTION('center_axis',(0.,0.,1.));
#2124=DIRECTION('ref_axis',(1.,0.,0.));
#2125=DIRECTION('center_axis',(2.0305705391685E-48,-1.,-1.35393051783556E-16));
#2126=DIRECTION('ref_axis',(1.,0.,1.499759782662E-32));
#2127=DIRECTION('',(-1.,5.97714534586004E-32,-4.41466180658615E-16));
#2128=DIRECTION('',(0.,1.35393051783556E-16,-1.));
#2129=DIRECTION('center_axis',(-1.,0.,0.));
#2130=DIRECTION('ref_axis',(0.,-1.,0.));
#2131=DIRECTION('',(0.,0.,1.));
#2132=DIRECTION('',(0.,-1.,0.));
#2133=DIRECTION('center_axis',(0.,1.,0.));
#2134=DIRECTION('ref_axis',(-1.,0.,0.));
#2135=DIRECTION('center_axis',(-2.0305705391685E-48,1.,1.35393051783556E-16));
#2136=DIRECTION('ref_axis',(0.,0.,-1.));
#2137=DIRECTION('',(-1.,0.,0.));
#2138=DIRECTION('',(0.,0.,1.));
#2139=DIRECTION('',(-1.,5.97714534586004E-32,-4.41466180658615E-16));
#2140=DIRECTION('center_axis',(1.,0.,0.));
#2141=DIRECTION('ref_axis',(0.,1.,0.));
#2142=DIRECTION('',(0.,1.,0.));
#2143=DIRECTION('',(0.,0.,1.));
#2144=DIRECTION('center_axis',(0.,-1.,0.));
#2145=DIRECTION('ref_axis',(1.,0.,0.));
#2146=DIRECTION('center_axis',(0.,0.,1.));
#2147=DIRECTION('ref_axis',(1.,0.,0.));
#2148=DIRECTION('center_axis',(-1.,0.,0.));
#2149=DIRECTION('ref_axis',(0.,-1.,0.));
#2150=DIRECTION('',(0.,0.,1.));
#2151=DIRECTION('',(0.,-1.,0.));
#2152=DIRECTION('center_axis',(1.,0.,0.));
#2153=DIRECTION('ref_axis',(0.,1.,0.));
#2154=DIRECTION('',(0.,1.,0.));
#2155=DIRECTION('',(0.,0.,1.));
#2156=DIRECTION('center_axis',(0.,-1.,0.));
#2157=DIRECTION('ref_axis',(1.,0.,0.));
#2158=DIRECTION('',(1.,0.,0.));
#2159=DIRECTION('center_axis',(0.,0.,1.));
#2160=DIRECTION('ref_axis',(1.,0.,0.));
#2161=DIRECTION('center_axis',(-1.,0.,0.));
#2162=DIRECTION('ref_axis',(0.,-1.,0.));
#2163=DIRECTION('',(0.,0.,1.));
#2164=DIRECTION('',(0.,-1.,0.));
#2165=DIRECTION('center_axis',(1.,0.,0.));
#2166=DIRECTION('ref_axis',(0.,1.,0.));
#2167=DIRECTION('',(0.,1.,0.));
#2168=DIRECTION('',(0.,0.,1.));
#2169=DIRECTION('center_axis',(8.88178419700113E-15,-1.,0.));
#2170=DIRECTION('ref_axis',(1.,8.88178419700113E-15,0.));
#2171=DIRECTION('',(1.,8.88178419700113E-15,0.));
#2172=DIRECTION('center_axis',(0.,0.,1.));
#2173=DIRECTION('ref_axis',(1.,0.,0.));
#2174=DIRECTION('center_axis',(1.,0.,0.));
#2175=DIRECTION('ref_axis',(0.,0.,1.));
#2176=DIRECTION('',(0.,-1.,0.));
#2177=DIRECTION('',(0.,-1.,0.));
#2178=DIRECTION('center_axis',(0.,-1.,0.));
#2179=DIRECTION('ref_axis',(1.,0.,1.64477485129655E-14));
#2180=DIRECTION('',(0.,-1.,0.));
#2181=DIRECTION('center_axis',(4.41466180658615E-16,0.,-1.));
#2182=DIRECTION('ref_axis',(1.,0.,4.41466180658615E-16));
#2183=DIRECTION('',(0.,-1.,0.));
#2184=DIRECTION('center_axis',(0.,-1.,0.));
#2185=DIRECTION('ref_axis',(0.,0.,-1.));
#2186=DIRECTION('',(0.,-1.,0.));
#2187=DIRECTION('center_axis',(-1.,0.,0.));
#2188=DIRECTION('ref_axis',(0.,0.,-1.));
#2189=DIRECTION('',(0.,-1.,0.));
#2190=DIRECTION('center_axis',(0.,-1.,0.));
#2191=DIRECTION('ref_axis',(-1.,0.,-1.62421516565535E-14));
#2192=DIRECTION('',(0.,-1.,0.));
#2193=DIRECTION('center_axis',(0.,0.,1.));
#2194=DIRECTION('ref_axis',(-1.,0.,0.));
#2195=DIRECTION('',(0.,-1.,0.));
#2196=DIRECTION('center_axis',(0.,-1.,0.));
#2197=DIRECTION('ref_axis',(0.,0.,1.));
#2198=DIRECTION('center_axis',(-2.0305705391685E-48,1.,1.35393051783556E-16));
#2199=DIRECTION('ref_axis',(-1.,0.,-1.499759782662E-32));
#2200=DIRECTION('',(0.,0.,-1.));
#2201=DIRECTION('',(-1.,0.,-1.499759782662E-32));
#2202=DIRECTION('',(0.,0.,-1.));
#2203=DIRECTION('center_axis',(-1.,-1.83667601732642E-48,-2.48673171123491E-64));
#2204=DIRECTION('ref_axis',(1.83667601732642E-48,-1.,-1.224646799147E-16));
#2205=DIRECTION('',(1.83667601732642E-48,-1.,-1.224646799147E-16));
#2206=DIRECTION('center_axis',(1.,1.83667601732642E-48,2.48673171123491E-64));
#2207=DIRECTION('ref_axis',(-1.83667601732642E-48,1.,1.224646799147E-16));
#2208=DIRECTION('',(-1.83667601732642E-48,1.,1.224646799147E-16));
#2209=DIRECTION('center_axis',(0.,-1.35393051783556E-16,1.));
#2210=DIRECTION('ref_axis',(1.,0.,0.));
#2211=DIRECTION('',(1.,0.,1.499759782662E-32));
#2212=DIRECTION('',(-1.83667601732642E-48,1.,1.224646799147E-16));
#2213=DIRECTION('center_axis',(2.0305705391685E-48,-1.,-1.35393051783556E-16));
#2214=DIRECTION('ref_axis',(1.,0.,1.499759782662E-32));
#2215=DIRECTION('',(0.,0.,-1.));
#2216=DIRECTION('center_axis',(1.,1.83667601732642E-48,2.48673171123491E-64));
#2217=DIRECTION('ref_axis',(-1.83667601732642E-48,1.,1.224646799147E-16));
#2218=DIRECTION('center_axis',(-1.,0.,0.));
#2219=DIRECTION('ref_axis',(0.,-1.,0.));
#2220=DIRECTION('',(0.,0.,1.));
#2221=DIRECTION('',(0.,-1.,0.));
#2222=DIRECTION('',(0.,0.,1.));
#2223=DIRECTION('center_axis',(0.,1.,0.));
#2224=DIRECTION('ref_axis',(-1.,0.,0.));
#2225=DIRECTION('',(-1.,0.,0.));
#2226=DIRECTION('',(0.,0.,1.));
#2227=DIRECTION('center_axis',(1.,0.,0.));
#2228=DIRECTION('ref_axis',(0.,1.,0.));
#2229=DIRECTION('',(0.,1.,0.));
#2230=DIRECTION('',(0.,0.,1.));
#2231=DIRECTION('center_axis',(0.,-1.,0.));
#2232=DIRECTION('ref_axis',(1.,0.,0.));
#2233=DIRECTION('',(1.,0.,0.));
#2234=DIRECTION('center_axis',(0.,0.,1.));
#2235=DIRECTION('ref_axis',(1.,0.,0.));
#2236=CARTESIAN_POINT('',(0.,0.,0.));
#2237=CARTESIAN_POINT('Origin',(345.002038288651,-26.6616374509524,-5.53500000000001));
#2238=CARTESIAN_POINT('',(345.002038288651,-27.5000004097819,-5.53500000000001));
#2239=CARTESIAN_POINT('',(345.002038288651,-26.6616374509524,-5.53500000000001));
#2240=CARTESIAN_POINT('',(345.002038288651,-56.6808187701797,-5.53500000000001));
#2241=CARTESIAN_POINT('',(345.002038288651,-27.5000004097819,-0.535000000000005));
#2242=CARTESIAN_POINT('',(345.002038288651,-27.5000004097819,-5.53500000000001));
#2243=CARTESIAN_POINT('',(345.002038288651,-26.6616374509524,-0.535000000000005));
#2244=CARTESIAN_POINT('',(345.002038288651,-27.5000004097819,-0.535000000000005));
#2245=CARTESIAN_POINT('',(345.002038288651,-26.6616374509524,-5.53500000000001));
#2246=CARTESIAN_POINT('Origin',(346.003809965938,-26.6616374509524,-5.53500000000001));
#2247=CARTESIAN_POINT('',(346.003809965938,-26.6616374509524,-5.53500000000001));
#2248=CARTESIAN_POINT('',(259.551904982969,-26.6616374509524,-5.53500000000001));
#2249=CARTESIAN_POINT('',(346.003809965938,-26.6616374509524,-0.535000000000005));
#2250=CARTESIAN_POINT('',(345.002038288651,-26.6616374509524,-0.535000000000005));
#2251=CARTESIAN_POINT('',(346.003809965938,-26.6616374509524,-5.53500000000001));
#2252=CARTESIAN_POINT('Origin',(346.003809965938,-27.5000004097819,-5.53500000000001));
#2253=CARTESIAN_POINT('',(346.003809965938,-27.5000004097819,-5.53500000000001));
#2254=CARTESIAN_POINT('',(346.003809965938,-57.1000002495945,-5.53500000000001));
#2255=CARTESIAN_POINT('',(346.003809965938,-27.5000004097819,-0.535000000000005));
#2256=CARTESIAN_POINT('',(346.003809965938,-26.6616374509524,-0.535000000000005));
#2257=CARTESIAN_POINT('',(346.003809965938,-27.5000004097819,-5.53500000000001));
#2258=CARTESIAN_POINT('Origin',(345.002038288651,-27.5000004097819,-5.53500000000001));
#2259=CARTESIAN_POINT('',(259.051019144325,-27.5000004097819,-5.53500000000001));
#2260=CARTESIAN_POINT('',(346.003809965938,-27.5000004097819,-0.535000000000005));
#2261=CARTESIAN_POINT('Origin',(345.502924127294,-27.0808189303671,-0.535000000000005));
#2262=CARTESIAN_POINT('Origin',(348.498102795437,-27.0808189303671,-0.535000000000005));
#2263=CARTESIAN_POINT('',(347.996200382919,-27.5000004097819,-0.535000000000005));
#2264=CARTESIAN_POINT('',(349.000005207956,-27.5000004097819,-0.535000000000005));
#2265=CARTESIAN_POINT('',(349.000005207956,-27.5000004097819,-0.535000000000005));
#2266=CARTESIAN_POINT('',(349.000005207956,-26.6616374509524,-0.535000000000005));
#2267=CARTESIAN_POINT('',(349.000005207956,-26.6616374509524,-0.535000000000005));
#2268=CARTESIAN_POINT('',(347.996200382919,-26.6616374509524,-0.535000000000005));
#2269=CARTESIAN_POINT('',(347.996200382919,-26.6616374509524,-0.535000000000005));
#2270=CARTESIAN_POINT('',(347.996200382919,-27.5000004097819,-0.535000000000005));
#2271=CARTESIAN_POINT('Origin',(347.996200382919,-27.5000004097819,-5.53500000000001));
#2272=CARTESIAN_POINT('',(349.000005207956,-27.5000004097819,-5.53500000000001));
#2273=CARTESIAN_POINT('',(347.996200382919,-27.5000004097819,-5.53500000000001));
#2274=CARTESIAN_POINT('',(260.548100191459,-27.5000004097819,-5.53500000000001));
#2275=CARTESIAN_POINT('',(349.000005207956,-27.5000004097819,-5.53500000000001));
#2276=CARTESIAN_POINT('',(347.996200382919,-27.5000004097819,-5.53500000000001));
#2277=CARTESIAN_POINT('Origin',(349.000005207956,-27.5000004097819,-5.53500000000001));
#2278=CARTESIAN_POINT('',(349.000005207956,-26.6616374509524,-5.53500000000001));
#2279=CARTESIAN_POINT('',(349.000005207956,-57.1000002495945,-5.53500000000001));
#2280=CARTESIAN_POINT('',(349.000005207956,-26.6616374509524,-5.53500000000001));
#2281=CARTESIAN_POINT('Origin',(349.000005207956,-26.6616374509524,-5.53500000000001));
#2282=CARTESIAN_POINT('',(347.996200382919,-26.6616374509524,-5.53500000000001));
#2283=CARTESIAN_POINT('',(261.050002603978,-26.6616374509524,-5.53500000000001));
#2284=CARTESIAN_POINT('',(347.996200382919,-26.6616374509524,-5.53500000000001));
#2285=CARTESIAN_POINT('Origin',(347.996200382919,-26.6616374509524,-5.53500000000001));
#2286=CARTESIAN_POINT('',(347.996200382919,-56.6808187701797,-5.53500000000001));
#2287=CARTESIAN_POINT('Origin',(173.1,-86.700000089407,-5.53500000000001));
#2288=CARTESIAN_POINT('',(-20.8,-159.4,-5.53500000000001));
#2289=CARTESIAN_POINT('',(367.,-159.4,-5.53500000000001));
#2290=CARTESIAN_POINT('',(270.05,-159.4,-5.53500000000001));
#2291=CARTESIAN_POINT('',(367.,-14.,-5.53499999999999));
#2292=CARTESIAN_POINT('',(367.,-50.3500000447035,-5.53500000000001));
#2293=CARTESIAN_POINT('',(354.211990061966,-14.0000002086163,-5.53500000000001));
#2294=CARTESIAN_POINT('',(76.15,-14.,-5.53500000000001));
#2295=CARTESIAN_POINT('',(354.211990061966,-27.5205911984001,-5.53500000000001));
#2296=CARTESIAN_POINT('',(354.211990061966,-57.1102956439035,-5.53500000000001));
#2297=CARTESIAN_POINT('',(353.211990061966,-27.5205911984001,-5.53500000000001));
#2298=CARTESIAN_POINT('',(263.155995030983,-27.5205911984009,-5.53500000000001));
#2299=CARTESIAN_POINT('',(353.211990061966,-14.0000002086163,-5.53500000000001));
#2300=CARTESIAN_POINT('',(353.211990061966,-50.3500001490116,-5.53500000000001));
#2301=CARTESIAN_POINT('',(352.003810055345,-14.0000002086163,-5.53500000000001));
#2302=CARTESIAN_POINT('',(76.15,-14.,-5.53500000000001));
#2303=CARTESIAN_POINT('',(352.003810055345,-26.5000003948808,-5.53500000000001));
#2304=CARTESIAN_POINT('',(352.003810055345,-56.6000002421439,-5.53500000000001));
#2305=CARTESIAN_POINT('',(351.000005230308,-26.5000003948808,-5.53500000000001));
#2306=CARTESIAN_POINT('',(262.050002615154,-26.5000003948808,-5.53500000000001));
#2307=CARTESIAN_POINT('',(351.000005230308,-14.0000002086163,-5.53500000000001));
#2308=CARTESIAN_POINT('',(351.000005230308,-50.3500001490116,-5.53500000000001));
#2309=CARTESIAN_POINT('',(349.020862422445,-14.0000002086163,-5.53500000000001));
#2310=CARTESIAN_POINT('',(76.15,-14.,-5.53500000000001));
#2311=CARTESIAN_POINT('',(349.020862422445,-26.5000003948808,-5.53500000000001));
#2312=CARTESIAN_POINT('',(349.020862422445,-56.6000002421439,-5.53500000000001));
#2313=CARTESIAN_POINT('',(348.020862422445,-26.5000003948808,-5.53500000000001));
#2314=CARTESIAN_POINT('',(260.560431211223,-26.5000003948808,-5.53500000000001));
#2315=CARTESIAN_POINT('',(348.020862422445,-14.0000002086163,-5.53500000000001));
#2316=CARTESIAN_POINT('',(348.020862422445,-50.3500001490116,-5.53500000000001));
#2317=CARTESIAN_POINT('',(346.003809965938,-14.0000002086163,-5.53500000000001));
#2318=CARTESIAN_POINT('',(76.15,-14.,-5.53500000000001));
#2319=CARTESIAN_POINT('',(346.003809965938,-26.5000003948808,-5.53500000000001));
#2320=CARTESIAN_POINT('',(346.003809965938,-56.6000002421439,-5.53500000000001));
#2321=CARTESIAN_POINT('',(345.003809965938,-26.5000003948808,-5.53500000000001));
#2322=CARTESIAN_POINT('',(259.051904982969,-26.5000003948808,-5.53500000000001));
#2323=CARTESIAN_POINT('',(345.003809965938,-14.0000002086163,-5.53500000000001));
#2324=CARTESIAN_POINT('',(345.003809965938,-50.3500001490116,-5.53500000000001));
#2325=CARTESIAN_POINT('',(343.500005118549,-14.0000002086163,-5.53500000000001));
#2326=CARTESIAN_POINT('',(76.15,-14.,-5.53500000000001));
#2327=CARTESIAN_POINT('',(343.500005118549,-27.5000004097819,-5.53500000000001));
#2328=CARTESIAN_POINT('',(343.500005118549,-57.1000002495945,-5.53500000000001));
#2329=CARTESIAN_POINT('',(342.497912433262,-27.5000004097819,-5.53500000000001));
#2330=CARTESIAN_POINT('',(257.798956216631,-27.5000004097819,-5.53500000000001));
#2331=CARTESIAN_POINT('',(342.497912433262,-14.0000002086163,-5.53500000000001));
#2332=CARTESIAN_POINT('',(342.497912433262,-50.3500001490116,-5.53500000000001));
#2333=CARTESIAN_POINT('',(-20.8,-14.,-5.53499999999999));
#2334=CARTESIAN_POINT('',(76.15,-14.,-5.53500000000001));
#2335=CARTESIAN_POINT('',(-20.8,-123.050000044703,-5.53500000000001));
#2336=CARTESIAN_POINT('',(335.,-96.1364657156551,-5.53500000000001));
#2337=CARTESIAN_POINT('',(333.,-96.1364657156551,-5.53500000000001));
#2338=CARTESIAN_POINT('',(253.05,-96.1364657156551,-5.53500000000001));
#2339=CARTESIAN_POINT('',(333.,-20.,-5.53500000000001));
#2340=CARTESIAN_POINT('',(333.,-53.3500000447035,-5.53500000000001));
#2341=CARTESIAN_POINT('',(335.,-20.,-5.53500000000001));
#2342=CARTESIAN_POINT('',(254.05,-20.,-5.53500000000001));
#2343=CARTESIAN_POINT('',(335.,-91.418232902531,-5.53500000000001));
#2344=CARTESIAN_POINT('',(-10.,-27.,-5.53500000000001));
#2345=CARTESIAN_POINT('',(-10.,-25.,-5.53500000000001));
#2346=CARTESIAN_POINT('',(-10.,-55.8500000447035,-5.53500000000001));
#2347=CARTESIAN_POINT('',(262.002933681466,-25.,-5.53500000000001));
#2348=CARTESIAN_POINT('',(217.551466840733,-25.,-5.53500000000001));
#2349=CARTESIAN_POINT('',(262.002933681466,-27.,-5.53500000000001));
#2350=CARTESIAN_POINT('',(262.002933681466,-56.8500000447035,-5.53500000000001));
#2351=CARTESIAN_POINT('',(81.55,-27.,-5.53500000000001));
#2352=CARTESIAN_POINT('',(270.,-150.100186933263,-5.53500000000001));
#2353=CARTESIAN_POINT('',(270.,-20.,-5.53500000000001));
#2354=CARTESIAN_POINT('',(270.,-53.3500000447035,-5.53500000000001));
#2355=CARTESIAN_POINT('',(272.,-20.,-5.53500000000001));
#2356=CARTESIAN_POINT('',(222.55,-20.,-5.53500000000001));
#2357=CARTESIAN_POINT('',(272.,-150.100186933263,-5.53500000000001));
#2358=CARTESIAN_POINT('',(272.,-118.400093511335,-5.53500000000001));
#2359=CARTESIAN_POINT('',(221.55,-150.100186933263,-5.53500000000001));
#2360=CARTESIAN_POINT('',(76.364818777598,-132.167820106336,-5.53500000000001));
#2361=CARTESIAN_POINT('',(76.364818777598,-130.167820106336,-5.53500000000001));
#2362=CARTESIAN_POINT('',(76.364818777598,-108.433910097871,-5.53500000000001));
#2363=CARTESIAN_POINT('',(156.082173025943,-130.167820106336,-5.53500000000001));
#2364=CARTESIAN_POINT('',(164.591086512971,-130.167820106336,-5.53500000000001));
#2365=CARTESIAN_POINT('',(156.082173025943,-132.167820106336,-5.53500000000001));
#2366=CARTESIAN_POINT('',(156.082173025943,-109.433910097871,-5.53500000000001));
#2367=CARTESIAN_POINT('',(124.732409388799,-132.167820106336,-5.53500000000001));
#2368=CARTESIAN_POINT('',(351.013040315779,-27.5000004097819,-5.53500000000001));
#2369=CARTESIAN_POINT('',(351.013040315779,-26.6616374509524,-5.53500000000001));
#2370=CARTESIAN_POINT('',(351.013040315779,-56.6808187701797,-5.53500000000001));
#2371=CARTESIAN_POINT('',(351.982818187945,-26.6616374509524,-5.53500000000001));
#2372=CARTESIAN_POINT('',(262.541409093973,-26.6616374509524,-5.53500000000001));
#2373=CARTESIAN_POINT('',(351.982818187945,-27.5000004097819,-5.53500000000001));
#2374=CARTESIAN_POINT('',(351.982818187945,-57.1000002495945,-5.53500000000001));
#2375=CARTESIAN_POINT('',(262.05652015789,-27.5000004097819,-5.53500000000001));
#2376=CARTESIAN_POINT('Origin',(333.,-96.1364657156551,-5.53500000000001));
#2377=CARTESIAN_POINT('',(335.,-96.1364657156551,-0.135000000000005));
#2378=CARTESIAN_POINT('',(335.,-96.1364657156551,-5.53500000000001));
#2379=CARTESIAN_POINT('',(333.,-96.1364657156551,-0.135000000000005));
#2380=CARTESIAN_POINT('',(333.,-96.1364657156551,-0.135000000000005));
#2381=CARTESIAN_POINT('',(333.,-96.1364657156551,-5.53500000000001));
#2382=CARTESIAN_POINT('Origin',(333.,-20.,-5.53500000000001));
#2383=CARTESIAN_POINT('',(333.,-20.,-0.135000000000005));
#2384=CARTESIAN_POINT('',(333.,-20.,-0.135000000000005));
#2385=CARTESIAN_POINT('',(333.,-20.,-5.53500000000001));
#2386=CARTESIAN_POINT('Origin',(335.,-20.,-5.53500000000001));
#2387=CARTESIAN_POINT('',(335.,-20.,-0.135000000000005));
#2388=CARTESIAN_POINT('',(335.,-20.,-0.135000000000005));
#2389=CARTESIAN_POINT('',(335.,-20.,-5.53500000000001));
#2390=CARTESIAN_POINT('Origin',(335.,-96.1364657156551,-5.53500000000001));
#2391=CARTESIAN_POINT('',(335.,-96.1364657156551,-0.135000000000005));
#2392=CARTESIAN_POINT('Origin',(334.,-58.0682328578276,-0.135000000000005));
#2393=CARTESIAN_POINT('Origin',(-10.,-25.,-5.53500000000001));
#2394=CARTESIAN_POINT('',(-10.,-27.,-0.135000000000005));
#2395=CARTESIAN_POINT('',(-10.,-27.,-5.53500000000001));
#2396=CARTESIAN_POINT('',(-10.,-25.,-0.135000000000005));
#2397=CARTESIAN_POINT('',(-10.,-27.,-0.135000000000005));
#2398=CARTESIAN_POINT('',(-10.,-25.,-5.53500000000001));
#2399=CARTESIAN_POINT('Origin',(262.002933681466,-25.,-5.53500000000001));
#2400=CARTESIAN_POINT('',(262.002933681466,-25.,-0.135000000000005));
#2401=CARTESIAN_POINT('',(-10.,-25.,-0.135000000000005));
#2402=CARTESIAN_POINT('',(262.002933681466,-25.,-5.53500000000001));
#2403=CARTESIAN_POINT('Origin',(262.002933681466,-27.,-5.53500000000001));
#2404=CARTESIAN_POINT('',(262.002933681466,-27.,-0.135000000000005));
#2405=CARTESIAN_POINT('',(262.002933681466,-25.,-0.135000000000005));
#2406=CARTESIAN_POINT('',(262.002933681466,-27.,-5.53500000000001));
#2407=CARTESIAN_POINT('Origin',(-10.,-27.,-5.53500000000001));
#2408=CARTESIAN_POINT('',(262.002933681466,-27.,-0.135000000000005));
#2409=CARTESIAN_POINT('Origin',(126.001466840733,-26.,-0.135000000000005));
#2410=CARTESIAN_POINT('Origin',(270.,-20.,-5.53500000000001));
#2411=CARTESIAN_POINT('',(270.,-150.100186933263,-0.135000000000005));
#2412=CARTESIAN_POINT('',(270.,-150.100186933263,-5.53500000000001));
#2413=CARTESIAN_POINT('',(270.,-20.,-0.135000000000005));
#2414=CARTESIAN_POINT('',(270.,-150.100186933263,-0.135000000000005));
#2415=CARTESIAN_POINT('',(270.,-20.,-5.53500000000001));
#2416=CARTESIAN_POINT('Origin',(272.,-20.,-5.53500000000001));
#2417=CARTESIAN_POINT('',(272.,-20.,-0.135000000000005));
#2418=CARTESIAN_POINT('',(270.,-20.,-0.135000000000005));
#2419=CARTESIAN_POINT('',(272.,-20.,-5.53500000000001));
#2420=CARTESIAN_POINT('Origin',(272.,-150.100186933263,-5.53500000000001));
#2421=CARTESIAN_POINT('',(272.,-150.100186933263,-0.135000000000005));
#2422=CARTESIAN_POINT('',(272.,-20.,-0.135000000000005));
#2423=CARTESIAN_POINT('',(272.,-150.100186933263,-5.53500000000001));
#2424=CARTESIAN_POINT('Origin',(270.,-150.100186933263,-5.53500000000001));
#2425=CARTESIAN_POINT('',(272.,-150.100186933263,-0.135000000000005));
#2426=CARTESIAN_POINT('Origin',(271.,-85.0500934666315,-0.135000000000005));
#2427=CARTESIAN_POINT('Origin',(76.364818777598,-130.167820106336,-5.53500000000001));
#2428=CARTESIAN_POINT('',(76.364818777598,-132.167820106336,-0.135000000000005));
#2429=CARTESIAN_POINT('',(76.364818777598,-132.167820106336,-5.53500000000001));
#2430=CARTESIAN_POINT('',(76.364818777598,-130.167820106336,-0.135000000000005));
#2431=CARTESIAN_POINT('',(76.364818777598,-132.167820106336,-0.135000000000005));
#2432=CARTESIAN_POINT('',(76.364818777598,-130.167820106336,-5.53500000000001));
#2433=CARTESIAN_POINT('Origin',(156.082173025943,-130.167820106336,-5.53500000000001));
#2434=CARTESIAN_POINT('',(156.082173025943,-130.167820106336,-0.135000000000005));
#2435=CARTESIAN_POINT('',(76.364818777598,-130.167820106336,-0.135000000000005));
#2436=CARTESIAN_POINT('',(156.082173025943,-130.167820106336,-5.53500000000001));
#2437=CARTESIAN_POINT('Origin',(156.082173025943,-132.167820106336,-5.53500000000001));
#2438=CARTESIAN_POINT('',(156.082173025943,-132.167820106336,-0.135000000000005));
#2439=CARTESIAN_POINT('',(156.082173025943,-130.167820106336,-0.135000000000005));
#2440=CARTESIAN_POINT('',(156.082173025943,-132.167820106336,-5.53500000000001));
#2441=CARTESIAN_POINT('Origin',(76.364818777598,-132.167820106336,-5.53500000000001));
#2442=CARTESIAN_POINT('',(156.082173025943,-132.167820106336,-0.135000000000005));
#2443=CARTESIAN_POINT('Origin',(116.22349590177,-131.167820106336,-0.135000000000005));
#2444=CARTESIAN_POINT('Origin',(173.1,-86.700000089407,-7.53500000000001));
#2445=CARTESIAN_POINT('',(-22.8,-12.0000001788139,-7.53500000000001));
#2446=CARTESIAN_POINT('',(369.,-12.0000001788139,-7.53500000000001));
#2447=CARTESIAN_POINT('',(369.,-12.0000001788139,-7.53500000000001));
#2448=CARTESIAN_POINT('',(369.,-161.4,-7.53500000000001));
#2449=CARTESIAN_POINT('',(369.,-161.4,-7.53500000000001));
#2450=CARTESIAN_POINT('',(-22.8,-161.4,-7.53500000000001));
#2451=CARTESIAN_POINT('',(-22.8,-161.4,-7.53500000000001));
#2452=CARTESIAN_POINT('',(-22.8,-12.0000001788139,-7.53500000000001));
#2453=CARTESIAN_POINT('Origin',(179.87,-12.0000001788139,5.665));
#2454=CARTESIAN_POINT('',(166.33,-14.,5.665));
#2455=CARTESIAN_POINT('',(179.87,-14.,5.665));
#2456=CARTESIAN_POINT('',(79.535,-14.,5.665));
#2457=CARTESIAN_POINT('',(166.33,-12.0000001788139,5.665));
#2458=CARTESIAN_POINT('',(166.33,-12.0000001788139,5.665));
#2459=CARTESIAN_POINT('',(179.87,-12.0000001788139,5.665));
#2460=CARTESIAN_POINT('',(274.435,-12.0000001788139,5.665));
#2461=CARTESIAN_POINT('',(179.87,-12.0000001788139,5.665));
#2462=CARTESIAN_POINT('Origin',(179.87,-12.0000001788139,3.665));
#2463=CARTESIAN_POINT('',(179.87,-14.,1.66500000000001));
#2464=CARTESIAN_POINT('Origin',(179.87,-14.,3.665));
#2465=CARTESIAN_POINT('',(179.87,-12.0000001788139,1.66500000000001));
#2466=CARTESIAN_POINT('Origin',(179.87,-12.0000001788139,3.665));
#2467=CARTESIAN_POINT('',(179.87,-12.0000001788139,1.66500000000001));
#2468=CARTESIAN_POINT('Origin',(166.33,-12.0000001788139,1.66500000000001));
#2469=CARTESIAN_POINT('',(166.33,-14.,1.66500000000001));
#2470=CARTESIAN_POINT('',(72.765,-14.,1.66500000000001));
#2471=CARTESIAN_POINT('',(166.33,-12.0000001788139,1.66500000000001));
#2472=CARTESIAN_POINT('',(267.665,-12.0000001788139,1.66500000000001));
#2473=CARTESIAN_POINT('',(166.33,-12.0000001788139,1.66500000000001));
#2474=CARTESIAN_POINT('Origin',(166.33,-12.0000001788139,3.665));
#2475=CARTESIAN_POINT('Origin',(166.33,-14.,3.665));
#2476=CARTESIAN_POINT('Origin',(166.33,-12.0000001788139,3.665));
#2477=CARTESIAN_POINT('Origin',(369.,-12.0000001788139,-3.53499999999999));
#2478=CARTESIAN_POINT('',(-22.8,-12.0000001788139,12.865));
#2479=CARTESIAN_POINT('',(-22.8,-12.0000001788139,-3.53499999999999));
#2480=CARTESIAN_POINT('',(369.,-12.0000001788139,12.865));
#2481=CARTESIAN_POINT('',(-22.8,-12.0000001788139,12.865));
#2482=CARTESIAN_POINT('',(369.,-12.0000001788139,-3.53499999999999));
#2483=CARTESIAN_POINT('',(343.81507992402,-12.0000001788139,-2.24764287355888));
#2484=CARTESIAN_POINT('',(343.81507992402,-12.0000001788139,-2.75591064806187));
#2485=CARTESIAN_POINT('',(343.81507992402,-12.0000001788139,-2.89132143677943));
#2486=CARTESIAN_POINT('',(345.16507992402,-12.0000001788139,-4.10591064806188));
#2487=CARTESIAN_POINT('Origin',(345.16507992402,-12.0000001788139,-2.7559106480619));
#2488=CARTESIAN_POINT('',(351.452215118436,-12.0000001788139,-4.10591064806188));
#2489=CARTESIAN_POINT('',(357.08253996201,-12.0000001788139,-4.10591064806187));
#2490=CARTESIAN_POINT('',(352.802215118436,-12.0000001788139,-2.75591064806187));
#2491=CARTESIAN_POINT('Origin',(351.452215118436,-12.0000001788139,-2.7559106480619));
#2492=CARTESIAN_POINT('',(352.802215118436,-12.0000001788139,-2.24764287355888));
#2493=CARTESIAN_POINT('',(352.802215118436,-12.0000001788139,-3.14545532403093));
#2494=CARTESIAN_POINT('',(351.452215118436,-12.0000001788139,-0.89764287355888));
#2495=CARTESIAN_POINT('Origin',(351.452215118436,-12.0000001788139,-2.24764287355886));
#2496=CARTESIAN_POINT('',(345.16507992402,-12.0000001788139,-0.897642873558877));
#2497=CARTESIAN_POINT('',(360.226107559218,-12.0000001788139,-0.89764287355888));
#2498=CARTESIAN_POINT('Origin',(345.16507992402,-12.0000001788139,-2.24764287355886));
#2499=CARTESIAN_POINT('Origin',(-22.8,-12.0000001788139,-3.53499999999999));
#2500=CARTESIAN_POINT('',(-22.8,-161.4,12.865));
#2501=CARTESIAN_POINT('',(-22.8,-161.4,-3.53500000000001));
#2502=CARTESIAN_POINT('',(-22.8,-161.4,12.865));
#2503=CARTESIAN_POINT('Origin',(352.003810055345,-22.0000003278255,-4.10500000000001));
#2504=CARTESIAN_POINT('',(351.000005230308,-22.0000003278255,-4.10500000000001));
#2505=CARTESIAN_POINT('',(352.003810055345,-22.0000003278255,-4.10500000000001));
#2506=CARTESIAN_POINT('',(351.752858849085,-22.0000003278255,-4.10500000000001));
#2507=CARTESIAN_POINT('',(351.000005230308,-22.0000003278255,-3.60500000000001));
#2508=CARTESIAN_POINT('',(351.000005230308,-22.0000003278255,-4.10500000000001));
#2509=CARTESIAN_POINT('',(352.003810055345,-22.0000003278255,-3.60500000000001));
#2510=CARTESIAN_POINT('',(351.000005230308,-22.0000003278255,-3.60500000000001));
#2511=CARTESIAN_POINT('',(352.003810055345,-22.0000003278255,-4.10500000000001));
#2512=CARTESIAN_POINT('Origin',(351.501907642826,-24.2500003613532,-3.60500000000001));
#2513=CARTESIAN_POINT('',(351.000005230308,-26.5000003948808,-3.60500000000001));
#2514=CARTESIAN_POINT('',(352.003810055345,-26.5000003948808,-3.60500000000001));
#2515=CARTESIAN_POINT('',(352.003810055345,-26.5000003948808,-3.60500000000001));
#2516=CARTESIAN_POINT('',(352.003810055345,-22.0000003278255,-3.60500000000001));
#2517=CARTESIAN_POINT('',(351.000005230308,-26.5000003948808,-3.60500000000001));
#2518=CARTESIAN_POINT('Origin',(346.003809965938,-22.0575979903541,-4.10500000000001));
#2519=CARTESIAN_POINT('',(345.003809965938,-22.0575979903541,-4.10500000000001));
#2520=CARTESIAN_POINT('',(346.003809965938,-22.0575979903541,-4.10500000000001));
#2521=CARTESIAN_POINT('',(345.753809965938,-22.0575979903541,-4.10500000000001));
#2522=CARTESIAN_POINT('',(345.003809965938,-22.0575979903541,-3.60500000000001));
#2523=CARTESIAN_POINT('',(345.003809965938,-22.0575979903541,-4.10500000000001));
#2524=CARTESIAN_POINT('',(346.003809965938,-22.0575979903541,-3.60500000000001));
#2525=CARTESIAN_POINT('',(345.003809965938,-22.0575979903541,-3.60500000000001));
#2526=CARTESIAN_POINT('',(346.003809965938,-22.0575979903541,-4.10500000000001));
#2527=CARTESIAN_POINT('Origin',(345.503809965938,-24.2787991926174,-3.60500000000001));
#2528=CARTESIAN_POINT('',(345.003809965938,-26.5000003948808,-3.60500000000001));
#2529=CARTESIAN_POINT('',(346.003809965938,-26.5000003948808,-3.60500000000001));
#2530=CARTESIAN_POINT('',(346.003809965938,-26.5000003948808,-3.60500000000001));
#2531=CARTESIAN_POINT('',(346.003809965938,-22.0575979903541,-3.60500000000001));
#2532=CARTESIAN_POINT('',(345.003809965938,-26.5000003948808,-3.60500000000001));
#2533=CARTESIAN_POINT('Origin',(349.020862422445,-22.0363764608521,-4.10500000000001));
#2534=CARTESIAN_POINT('',(348.020862422445,-22.0363764608521,-4.10500000000001));
#2535=CARTESIAN_POINT('',(349.020862422445,-22.0363764608521,-4.10500000000001));
#2536=CARTESIAN_POINT('',(348.770862422446,-22.0363764608521,-4.10500000000001));
#2537=CARTESIAN_POINT('',(348.020862422445,-22.0363764608521,-3.60500000000001));
#2538=CARTESIAN_POINT('',(348.020862422445,-22.0363764608521,-4.10500000000001));
#2539=CARTESIAN_POINT('',(349.020862422445,-22.0363764608521,-3.60500000000001));
#2540=CARTESIAN_POINT('',(348.020862422445,-22.0363764608521,-3.60500000000001));
#2541=CARTESIAN_POINT('',(349.020862422445,-22.0363764608521,-4.10500000000001));
#2542=CARTESIAN_POINT('Origin',(348.520862422446,-24.2681884278665,-3.60500000000001));
#2543=CARTESIAN_POINT('',(348.020862422445,-26.5000003948808,-3.60500000000001));
#2544=CARTESIAN_POINT('',(349.020862422445,-26.5000003948808,-3.60500000000001));
#2545=CARTESIAN_POINT('',(349.020862422445,-26.5000003948808,-3.60500000000001));
#2546=CARTESIAN_POINT('',(349.020862422445,-22.0363764608521,-3.60500000000001));
#2547=CARTESIAN_POINT('',(348.020862422445,-26.5000003948808,-3.60500000000001));
#2548=CARTESIAN_POINT('Origin',(351.000005230308,-14.0000002086163,-5.53500000000001));
#2549=CARTESIAN_POINT('',(351.000005230308,-26.5000003948808,-5.53500000000001));
#2550=CARTESIAN_POINT('',(351.000005230308,-14.0000002086163,-4.10500000000001));
#2551=CARTESIAN_POINT('',(351.000005230308,-26.5000003948808,-4.10500000000001));
#2552=CARTESIAN_POINT('',(351.000005230308,-14.,-4.10591064806187));
#2553=CARTESIAN_POINT('',(351.000005230308,-14.0000002086163,-5.53500000000001));
#2554=CARTESIAN_POINT('',(351.000005230308,-14.,-4.535));
#2555=CARTESIAN_POINT('Origin',(352.003810055345,-14.0000002086163,-5.53500000000001));
#2556=CARTESIAN_POINT('',(351.452215118436,-14.,-4.10591064806188));
#2557=CARTESIAN_POINT('',(162.18253996201,-14.,-4.10591064806196));
#2558=CARTESIAN_POINT('',(351.501792537561,-14.0000002086163,-4.10500000000001));
#2559=CARTESIAN_POINT('',(351.000005230308,-14.0000002086163,-4.10500000000001));
#2560=CARTESIAN_POINT('Origin',(351.452215118436,-14.,-2.7559106480619));
#2561=CARTESIAN_POINT('Origin',(352.003810055345,-26.5000003948808,-5.53500000000001));
#2562=CARTESIAN_POINT('',(352.003810055345,-14.0000002086163,-4.10500000000001));
#2563=CARTESIAN_POINT('',(352.003810055345,-14.,-4.53499999999999));
#2564=CARTESIAN_POINT('',(352.003810055345,-14.0000002086163,-4.10500000000001));
#2565=CARTESIAN_POINT('',(352.003810055345,-26.5000003948808,-5.53500000000001));
#2566=CARTESIAN_POINT('Origin',(351.000005230308,-26.5000003948808,-5.53500000000001));
#2567=CARTESIAN_POINT('Origin',(351.501907642826,-20.2500003017485,-4.10500000000001));
#2568=CARTESIAN_POINT('',(165.350953821413,-14.,-4.10500000000001));
#2569=CARTESIAN_POINT('Origin',(-20.8,-14.,-3.53499999999999));
#2570=CARTESIAN_POINT('',(353.211990061966,-14.0000002086163,-0.535000000000005));
#2571=CARTESIAN_POINT('',(353.211990061966,-14.,-4.535));
#2572=CARTESIAN_POINT('',(354.211990061966,-14.0000002086163,-0.535000000000005));
#2573=CARTESIAN_POINT('',(166.455995030983,-14.,-0.535000000000005));
#2574=CARTESIAN_POINT('',(354.211990061966,-14.,-4.53499999999999));
#2575=CARTESIAN_POINT('',(367.,-14.,12.865));
#2576=CARTESIAN_POINT('',(367.,-14.,-3.53499999999999));
#2577=CARTESIAN_POINT('',(-20.8,-14.,12.865));
#2578=CARTESIAN_POINT('',(-20.8,-14.,12.865));
#2579=CARTESIAN_POINT('',(-20.8,-14.,-3.53499999999999));
#2580=CARTESIAN_POINT('',(342.497912433262,-14.0000002086163,-0.535000000000005));
#2581=CARTESIAN_POINT('',(342.497912433262,-14.,-4.535));
#2582=CARTESIAN_POINT('',(343.500005118549,-14.0000002086163,-0.535000000000005));
#2583=CARTESIAN_POINT('',(161.099479387953,-14.,-0.535000000000005));
#2584=CARTESIAN_POINT('',(343.500005118549,-14.,-4.53499999999999));
#2585=CARTESIAN_POINT('',(345.003809965938,-14.0000002086163,-4.10500000000001));
#2586=CARTESIAN_POINT('',(345.003809965938,-14.,-4.535));
#2587=CARTESIAN_POINT('',(345.115502504895,-14.0000002086163,-4.10500000000001));
#2588=CARTESIAN_POINT('',(162.351904982969,-14.,-4.10500000000001));
#2589=CARTESIAN_POINT('',(343.81507992402,-14.,-2.75591064806187));
#2590=CARTESIAN_POINT('Origin',(345.16507992402,-14.,-2.7559106480619));
#2591=CARTESIAN_POINT('',(343.81507992402,-14.,-2.24764287355888));
#2592=CARTESIAN_POINT('',(343.81507992402,-14.,-2.89132143677943));
#2593=CARTESIAN_POINT('',(345.16507992402,-14.,-0.897642873558877));
#2594=CARTESIAN_POINT('Origin',(345.16507992402,-14.,-2.24764287355886));
#2595=CARTESIAN_POINT('',(351.452215118436,-14.,-0.89764287355888));
#2596=CARTESIAN_POINT('',(165.326107559218,-14.,-0.89764287355888));
#2597=CARTESIAN_POINT('',(352.802215118436,-14.,-2.24764287355888));
#2598=CARTESIAN_POINT('Origin',(351.452215118436,-14.,-2.24764287355886));
#2599=CARTESIAN_POINT('',(352.802215118436,-14.,-2.75591064806187));
#2600=CARTESIAN_POINT('',(352.802215118436,-14.,-3.14545532403093));
#2601=CARTESIAN_POINT('Origin',(351.452215118436,-14.,-2.7559106480619));
#2602=CARTESIAN_POINT('Origin',(-20.8,-14.,-3.53499999999999));
#2603=CARTESIAN_POINT('',(349.020862422445,-14.0000002086163,-4.10591064806188));
#2604=CARTESIAN_POINT('',(162.18253996201,-14.,-4.10591064806196));
#2605=CARTESIAN_POINT('',(349.020862422445,-14.,-4.53499999999999));
#2606=CARTESIAN_POINT('Origin',(349.020862422445,-14.0000002086163,-5.53500000000001));
#2607=CARTESIAN_POINT('',(348.020862422445,-14.,-4.10591064806188));
#2608=CARTESIAN_POINT('',(162.18253996201,-14.,-4.10591064806196));
#2609=CARTESIAN_POINT('',(348.020862422445,-14.0000002086163,-4.10500000000001));
#2610=CARTESIAN_POINT('',(348.020862422445,-14.0000002086163,-5.53500000000001));
#2611=CARTESIAN_POINT('',(349.020862422445,-14.0000002086163,-4.10500000000001));
#2612=CARTESIAN_POINT('',(348.020862422445,-14.0000002086163,-4.10500000000001));
#2613=CARTESIAN_POINT('',(349.020862422445,-14.0000002086163,-5.53500000000001));
#2614=CARTESIAN_POINT('Origin',(348.020862422445,-14.0000002086163,-5.53500000000001));
#2615=CARTESIAN_POINT('',(348.020862422445,-26.5000003948808,-5.53500000000001));
#2616=CARTESIAN_POINT('',(348.020862422445,-26.5000003948808,-4.10500000000001));
#2617=CARTESIAN_POINT('',(348.020862422445,-14.,-4.535));
#2618=CARTESIAN_POINT('Origin',(349.020862422445,-26.5000003948808,-5.53500000000001));
#2619=CARTESIAN_POINT('',(349.020862422445,-14.0000002086163,-4.10500000000001));
#2620=CARTESIAN_POINT('',(349.020862422445,-26.5000003948808,-5.53500000000001));
#2621=CARTESIAN_POINT('Origin',(348.020862422445,-26.5000003948808,-5.53500000000001));
#2622=CARTESIAN_POINT('Origin',(348.520862422446,-20.2500003017485,-4.10500000000001));
#2623=CARTESIAN_POINT('Origin',(-20.8,-14.,-3.53499999999999));
#2624=CARTESIAN_POINT('',(346.003809965938,-14.0000002086163,-4.10591064806188));
#2625=CARTESIAN_POINT('',(162.18253996201,-14.,-4.10591064806196));
#2626=CARTESIAN_POINT('',(346.003809965938,-14.,-4.53499999999999));
#2627=CARTESIAN_POINT('Origin',(345.003809965938,-14.0000002086163,-5.53500000000001));
#2628=CARTESIAN_POINT('',(345.003809965938,-26.5000003948808,-5.53500000000001));
#2629=CARTESIAN_POINT('',(345.003809965938,-26.5000003948808,-4.10500000000001));
#2630=CARTESIAN_POINT('Origin',(346.003809965938,-14.0000002086163,-5.53500000000001));
#2631=CARTESIAN_POINT('',(345.16507992402,-14.,-4.10591064806188));
#2632=CARTESIAN_POINT('Origin',(345.16507992402,-14.,-2.7559106480619));
#2633=CARTESIAN_POINT('',(346.003809965938,-14.0000002086163,-4.10500000000001));
#2634=CARTESIAN_POINT('',(345.003809965938,-14.0000002086163,-4.10500000000001));
#2635=CARTESIAN_POINT('',(346.003809965938,-14.0000002086163,-5.53500000000001));
#2636=CARTESIAN_POINT('',(162.18253996201,-14.,-4.10591064806196));
#2637=CARTESIAN_POINT('Origin',(346.003809965938,-26.5000003948808,-5.53500000000001));
#2638=CARTESIAN_POINT('',(346.003809965938,-14.0000002086163,-4.10500000000001));
#2639=CARTESIAN_POINT('',(346.003809965938,-26.5000003948808,-5.53500000000001));
#2640=CARTESIAN_POINT('Origin',(345.003809965938,-26.5000003948808,-5.53500000000001));
#2641=CARTESIAN_POINT('Origin',(345.503809965938,-20.2500003017485,-4.10500000000001));
#2642=CARTESIAN_POINT('Origin',(342.497912433262,-14.0000002086163,-5.53500000000001));
#2643=CARTESIAN_POINT('',(342.497912433262,-27.5000004097819,-0.535000000000005));
#2644=CARTESIAN_POINT('',(342.497912433262,-27.5000004097819,-5.53500000000001));
#2645=CARTESIAN_POINT('',(342.497912433262,-27.5000004097819,-0.535000000000005));
#2646=CARTESIAN_POINT('Origin',(343.500005118549,-27.5000004097819,-5.53500000000001));
#2647=CARTESIAN_POINT('',(343.500005118549,-27.5000004097819,-0.535000000000005));
#2648=CARTESIAN_POINT('',(343.500005118549,-14.0000002086163,-0.535000000000005));
#2649=CARTESIAN_POINT('',(343.500005118549,-27.5000004097819,-5.53500000000001));
#2650=CARTESIAN_POINT('Origin',(342.497912433262,-27.5000004097819,-5.53500000000001));
#2651=CARTESIAN_POINT('',(343.500005118549,-27.5000004097819,-0.535000000000005));
#2652=CARTESIAN_POINT('Origin',(342.998958775906,-20.7500003091991,-0.535000000000005));
#2653=CARTESIAN_POINT('Origin',(353.211990061966,-14.0000002086163,-5.53500000000001));
#2654=CARTESIAN_POINT('',(353.211990061966,-27.5205911984001,-0.535000000000005));
#2655=CARTESIAN_POINT('',(353.211990061966,-27.5205911984001,-5.53500000000001));
#2656=CARTESIAN_POINT('',(353.211990061966,-27.5205911984001,-0.535000000000005));
#2657=CARTESIAN_POINT('Origin',(354.211990061966,-27.5205911984001,-5.53500000000001));
#2658=CARTESIAN_POINT('',(354.211990061966,-27.5205911984001,-0.535000000000005));
#2659=CARTESIAN_POINT('',(354.211990061966,-14.0000002086163,-0.535000000000005));
#2660=CARTESIAN_POINT('',(354.211990061966,-27.5205911984001,-5.53500000000001));
#2661=CARTESIAN_POINT('Origin',(353.211990061966,-27.5205911984001,-5.53500000000001));
#2662=CARTESIAN_POINT('',(354.211990061966,-27.5205911984001,-0.535000000000005));
#2663=CARTESIAN_POINT('Origin',(353.711990061966,-20.7602957035082,-0.535000000000005));
#2664=CARTESIAN_POINT('Origin',(352.802215118436,-12.0000001788139,-2.75591064806187));
#2665=CARTESIAN_POINT('',(352.802215118436,-12.0000001788139,-2.24764287355888));
#2666=CARTESIAN_POINT('',(352.802215118436,-12.0000001788139,-2.75591064806187));
#2667=CARTESIAN_POINT('Origin',(351.452215118436,-12.0000001788139,-2.7559106480619));
#2668=CARTESIAN_POINT('',(351.452215118436,-12.0000001788139,-4.10591064806188));
#2669=CARTESIAN_POINT('Origin',(345.16507992402,-12.0000001788139,-4.10591064806188));
#2670=CARTESIAN_POINT('',(345.16507992402,-12.0000001788139,-4.10591064806188));
#2671=CARTESIAN_POINT('Origin',(345.16507992402,-12.0000001788139,-2.7559106480619));
#2672=CARTESIAN_POINT('',(343.81507992402,-12.0000001788139,-2.75591064806187));
#2673=CARTESIAN_POINT('Origin',(343.81507992402,-12.0000001788139,-2.24764287355888));
#2674=CARTESIAN_POINT('',(343.81507992402,-12.0000001788139,-2.24764287355888));
#2675=CARTESIAN_POINT('Origin',(345.16507992402,-12.0000001788139,-2.24764287355886));
#2676=CARTESIAN_POINT('',(345.16507992402,-12.0000001788139,-0.897642873558877));
#2677=CARTESIAN_POINT('Origin',(351.452215118436,-12.0000001788139,-0.89764287355888));
#2678=CARTESIAN_POINT('',(351.452215118436,-12.0000001788139,-0.89764287355888));
#2679=CARTESIAN_POINT('Origin',(351.452215118436,-12.0000001788139,-2.24764287355886));
#2680=CARTESIAN_POINT('Origin',(367.,-159.4,-3.535));
#2681=CARTESIAN_POINT('',(-20.8,-159.4,12.865));
#2682=CARTESIAN_POINT('',(-20.8,-159.4,-3.535));
#2683=CARTESIAN_POINT('',(367.,-159.4,12.865));
#2684=CARTESIAN_POINT('',(367.,-159.4,12.865));
#2685=CARTESIAN_POINT('',(367.,-159.4,-3.535));
#2686=CARTESIAN_POINT('Origin',(367.,-14.,-3.53499999999999));
#2687=CARTESIAN_POINT('',(367.,-14.,12.865));
#2688=CARTESIAN_POINT('Origin',(-20.8,-159.4,-3.535));
#2689=CARTESIAN_POINT('',(-20.8,-159.4,12.865));
#2690=CARTESIAN_POINT('Origin',(173.1,-86.700000089407,12.865));
#2691=CARTESIAN_POINT('',(369.,-161.4,12.865));
#2692=CARTESIAN_POINT('',(369.,-161.4,12.865));
#2693=CARTESIAN_POINT('',(369.,-12.0000001788139,12.865));
#2694=CARTESIAN_POINT('Origin',(-22.8,-161.4,-3.53500000000001));
#2695=CARTESIAN_POINT('',(369.,-161.4,-3.53500000000001));
#2696=CARTESIAN_POINT('Origin',(369.,-161.4,-3.53500000000001));
#2697=CARTESIAN_POINT('Origin',(351.013040315779,-26.6616374509524,-5.53500000000001));
#2698=CARTESIAN_POINT('',(351.013040315779,-27.5000004097819,-0.535000000000005));
#2699=CARTESIAN_POINT('',(351.013040315779,-27.5000004097819,-5.53500000000001));
#2700=CARTESIAN_POINT('',(351.013040315779,-26.6616374509524,-0.535000000000005));
#2701=CARTESIAN_POINT('',(351.013040315779,-27.5000004097819,-0.535000000000005));
#2702=CARTESIAN_POINT('',(351.013040315779,-26.6616374509524,-5.53500000000001));
#2703=CARTESIAN_POINT('Origin',(351.982818187945,-26.6616374509524,-5.53500000000001));
#2704=CARTESIAN_POINT('',(351.982818187945,-26.6616374509524,-0.535000000000005));
#2705=CARTESIAN_POINT('',(351.013040315779,-26.6616374509524,-0.535000000000005));
#2706=CARTESIAN_POINT('',(351.982818187945,-26.6616374509524,-5.53500000000001));
#2707=CARTESIAN_POINT('Origin',(351.982818187945,-27.5000004097819,-5.53500000000001));
#2708=CARTESIAN_POINT('',(351.982818187945,-27.5000004097819,-0.535000000000005));
#2709=CARTESIAN_POINT('',(351.982818187945,-26.6616374509524,-0.535000000000005));
#2710=CARTESIAN_POINT('',(351.982818187945,-27.5000004097819,-5.53500000000001));
#2711=CARTESIAN_POINT('Origin',(351.013040315779,-27.5000004097819,-5.53500000000001));
#2712=CARTESIAN_POINT('',(351.982818187945,-27.5000004097819,-0.535000000000005));
#2713=CARTESIAN_POINT('Origin',(351.497929251862,-27.0808189303671,-0.535000000000005));
#2714=UNCERTAINTY_MEASURE_WITH_UNIT(LENGTH_MEASURE(0.01),#2718,
'DISTANCE_ACCURACY_VALUE',
'Maximum model space distance between geometric entities at asserted c
onnectivities');
#2715=UNCERTAINTY_MEASURE_WITH_UNIT(LENGTH_MEASURE(0.01),#2718,
'DISTANCE_ACCURACY_VALUE',
'Maximum model space distance between geometric entities at asserted c
onnectivities');
#2716=(
GEOMETRIC_REPRESENTATION_CONTEXT(3)
GLOBAL_UNCERTAINTY_ASSIGNED_CONTEXT((#2714))
GLOBAL_UNIT_ASSIGNED_CONTEXT((#2718,#2719,#2720))
REPRESENTATION_CONTEXT('','3D')
);
#2717=(
GEOMETRIC_REPRESENTATION_CONTEXT(3)
GLOBAL_UNCERTAINTY_ASSIGNED_CONTEXT((#2715))
GLOBAL_UNIT_ASSIGNED_CONTEXT((#2718,#2719,#2720))
REPRESENTATION_CONTEXT('','3D')
);
#2718=(
LENGTH_UNIT()
NAMED_UNIT(*)
SI_UNIT(.MILLI.,.METRE.)
);
#2719=(
NAMED_UNIT(*)
PLANE_ANGLE_UNIT()
SI_UNIT($,.RADIAN.)
);
#2720=(
NAMED_UNIT(*)
SI_UNIT($,.STERADIAN.)
SOLID_ANGLE_UNIT()
);
#2721=SHAPE_DEFINITION_REPRESENTATION(#2722,#2723);
#2722=PRODUCT_DEFINITION_SHAPE('',$,#2725);
#2723=SHAPE_REPRESENTATION('',(#1704),#2716);
#2724=PRODUCT_DEFINITION_CONTEXT('part definition',#2729,'design');
#2725=PRODUCT_DEFINITION('keyboard_pcb_step 1','keyboard_pcb_step v3',#2726,
#2724);
#2726=PRODUCT_DEFINITION_FORMATION('',$,#2731);
#2727=PRODUCT_RELATED_PRODUCT_CATEGORY('keyboard_pcb_step v3',
'keyboard_pcb_step v3',(#2731));
#2728=APPLICATION_PROTOCOL_DEFINITION('international standard',
'automotive_design',2009,#2729);
#2729=APPLICATION_CONTEXT(
'Core Data for Automotive Mechanical Design Process');
#2730=PRODUCT_CONTEXT('part definition',#2729,'mechanical');
#2731=PRODUCT('keyboard_pcb_step 1','keyboard_pcb_step v3',
'KiCad electronic assembly',(#2730));
#2732=PRESENTATION_STYLE_ASSIGNMENT((#2740));
#2733=PRESENTATION_STYLE_ASSIGNMENT((#2741));
#2734=PRESENTATION_STYLE_ASSIGNMENT((#2742));
#2735=PRESENTATION_STYLE_ASSIGNMENT((#2743));
#2736=PRESENTATION_STYLE_ASSIGNMENT((#2744));
#2737=PRESENTATION_STYLE_ASSIGNMENT((#2745));
#2738=PRESENTATION_STYLE_ASSIGNMENT((#2746));
#2739=PRESENTATION_STYLE_ASSIGNMENT((#2747));
#2740=SURFACE_STYLE_USAGE(.BOTH.,#2748);
#2741=SURFACE_STYLE_USAGE(.BOTH.,#2749);
#2742=SURFACE_STYLE_USAGE(.BOTH.,#2750);
#2743=SURFACE_STYLE_USAGE(.BOTH.,#2751);
#2744=SURFACE_STYLE_USAGE(.BOTH.,#2752);
#2745=SURFACE_STYLE_USAGE(.BOTH.,#2753);
#2746=SURFACE_STYLE_USAGE(.BOTH.,#2754);
#2747=SURFACE_STYLE_USAGE(.BOTH.,#2755);
#2748=SURFACE_SIDE_STYLE('',(#2756));
#2749=SURFACE_SIDE_STYLE('',(#2757));
#2750=SURFACE_SIDE_STYLE('',(#2758));
#2751=SURFACE_SIDE_STYLE('',(#2759));
#2752=SURFACE_SIDE_STYLE('',(#2760));
#2753=SURFACE_SIDE_STYLE('',(#2761));
#2754=SURFACE_SIDE_STYLE('',(#2762));
#2755=SURFACE_SIDE_STYLE('',(#2763));
#2756=SURFACE_STYLE_FILL_AREA(#2764);
#2757=SURFACE_STYLE_FILL_AREA(#2765);
#2758=SURFACE_STYLE_FILL_AREA(#2766);
#2759=SURFACE_STYLE_FILL_AREA(#2767);
#2760=SURFACE_STYLE_FILL_AREA(#2768);
#2761=SURFACE_STYLE_FILL_AREA(#2769);
#2762=SURFACE_STYLE_FILL_AREA(#2770);
#2763=SURFACE_STYLE_FILL_AREA(#2771);
#2764=FILL_AREA_STYLE('Steel - Satin',(#2772));
#2765=FILL_AREA_STYLE('Opaque(145,145,150)',(#2773));
#2766=FILL_AREA_STYLE('Opaque(202,209,238)',(#2774));
#2767=FILL_AREA_STYLE('Opaque(26,26,26)',(#2775));
#2768=FILL_AREA_STYLE('Opaque(247,224,153)',(#2776));
#2769=FILL_AREA_STYLE('Opaque(74,117,181)',(#2777));
#2770=FILL_AREA_STYLE('Opaque(246,246,243)',(#2778));
#2771=FILL_AREA_STYLE('Opaque(255,255,255)',(#2779));
#2772=FILL_AREA_STYLE_COLOUR('Steel - Satin',#2780);
#2773=FILL_AREA_STYLE_COLOUR('Opaque(145,145,150)',#2781);
#2774=FILL_AREA_STYLE_COLOUR('Opaque(202,209,238)',#2782);
#2775=FILL_AREA_STYLE_COLOUR('Opaque(26,26,26)',#2783);
#2776=FILL_AREA_STYLE_COLOUR('Opaque(247,224,153)',#2784);
#2777=FILL_AREA_STYLE_COLOUR('Opaque(74,117,181)',#2785);
#2778=FILL_AREA_STYLE_COLOUR('Opaque(246,246,243)',#2786);
#2779=FILL_AREA_STYLE_COLOUR('Opaque(255,255,255)',#2787);
#2780=COLOUR_RGB('Steel - Satin',0.627450980392157,0.627450980392157,0.627450980392157);
#2781=COLOUR_RGB('Opaque(145,145,150)',0.568627450980392,0.568627450980392,
0.588235294117647);
#2782=COLOUR_RGB('Opaque(202,209,238)',0.792156862745098,0.819607843137255,
0.933333333333333);
#2783=COLOUR_RGB('Opaque(26,26,26)',0.101960784313725,0.101960784313725,
0.101960784313725);
#2784=COLOUR_RGB('Opaque(247,224,153)',0.968627450980392,0.87843137254902,
0.6);
#2785=COLOUR_RGB('Opaque(74,117,181)',0.290196078431373,0.458823529411765,
0.709803921568627);
#2786=COLOUR_RGB('Opaque(246,246,243)',0.964705882352941,0.964705882352941,
0.952941176470588);
#2787=COLOUR_RGB('Opaque(255,255,255)',1.,1.,1.);
ENDSEC;
END-ISO-10303-21;
